GeoFIPS,year,bea_number_of_people,per_capita_personal_income,per_capita_retirement_and_other,per_capita_unemploy_ins_comp,per_capita_curr_dollar_real_gdp,per_capita_num_jobs,per_capita_farm_proprieter_jobs,per_capita_nonfarm_proprieter_jobs
 06001,2014,1607638.0,57951.0,6714.0,145.0,67.98561616483313,0.6033590895462785,0.00021584461178449378,0.1356319022068401
 06001,2015,1634326.0,62664.0,7248.0,120.0,73.33714142710818,0.6206240370648206,0.00021109619500638184,0.14054784663524902
 06001,2016,1650765.0,66377.0,7474.0,118.0,76.38906446405151,0.6310462119078124,0.00020414777391088374,0.14216014999106474
 06001,2017,1659824.0,70370.0,7257.0,118.0,80.41140626958038,0.6431808432701298,0.00019881626003720877,0.1445020676891044
 06001,2018,1666596.0,75354.0,7679.0,104.0,84.1767428938987,0.653242897498854,0.00019560829379165678,0.14748805349346814
 06001,2019,1668412.0,78839.0,8155.0,105.0,87.63467836481637,0.6511365298259663,0.00019659412663059245,0.14126966240952474
 06003,2014,1083.0,64425.0,11478.0,190.0,102.50046168051708,1.2031394275161589,0.0,0.16620498614958448
 06003,2015,1080.0,66603.0,13097.0,175.0,110.25185185185185,1.2342592592592592,0.0,0.1527777777777778
 06003,2016,1053.0,73076.0,13840.0,148.0,113.02089268755935,1.278252611585945,0.0,0.1557454890788224
 06003,2017,1116.0,70305.0,13180.0,149.0,104.43279569892474,1.1505376344086022,0.0,0.16666666666666666
 06003,2018,1081.0,76104.0,14671.0,134.0,109.38112858464385,1.179463459759482,0.0,0.1341350601295097
 06003,2019,1113.0,79701.0,15307.0,133.0,120.29559748427673,1.2650494159928123,0.0,0.1275831087151842
 06005,2014,36734.0,38617.0,9378.0,142.0,42.97272281809767,0.47027277181902327,0.010235748897479175,0.13407197691511952
 06005,2015,37039.0,40392.0,9956.0,117.0,44.963416938902235,0.47379788871189826,0.009989470558060423,0.1324279813169902
 06005,2016,37443.0,40934.0,10118.0,114.0,46.577491119835486,0.4689795155302727,0.009587906951900222,0.130838875090137
 06005,2017,38549.0,41769.0,10142.0,110.0,47.303198526550624,0.4667306544916859,0.009105294560170172,0.1273184777815248
 06005,2018,39349.0,42466.0,10458.0,96.0,48.32310859234034,0.4655264428575059,0.008793107829932145,0.127525477140461
 06005,2019,39693.0,43979.0,11197.0,100.0,52.09170382687124,0.45718388632756407,0.00879248230166528,0.12085254326959413
 06007,2014,223525.0,36796.0,8917.0,164.0,37.09988591880103,0.48066659210379153,0.00749356895201879,0.10627446594340678
 06007,2015,224643.0,39483.0,9700.0,144.0,39.0180018963422,0.4898616916618813,0.007331632857467181,0.10709436750755644
 06007,2016,226222.0,40878.0,9984.0,144.0,41.68271874530328,0.4972681702044894,0.007024073697518367,0.10653252115178895
 06007,2017,228700.0,41465.0,9819.0,149.0,44.02433318758199,0.5004503716659379,0.006821163095758636,0.10683865325754263
 06007,2018,230330.0,42441.0,10213.0,143.0,45.45346242347936,0.4969999565840316,0.006668692745191681,0.09867581296400817
 06007,2019,218726.0,45175.0,10744.0,157.0,51.72990408090487,0.5084717866188747,0.007072775984565164,0.09766100052120004
 06009,2014,44677.0,39996.0,9881.0,161.0,28.69219061261947,0.34982205609150124,0.012355350627839828,0.13971394677350762
 06009,2015,44972.0,42685.0,10709.0,133.0,30.660388686293693,0.3587787956950992,0.011940763141510272,0.14010940140531886
 06009,2016,45307.0,43874.0,10908.0,131.0,33.787185203169486,0.36700730571434875,0.011433111881166266,0.13759463217604342
 06009,2017,45658.0,45449.0,10864.0,126.0,35.00229970651365,0.3670331595777301,0.011104297165885497,0.13384291909413465
 06009,2018,45747.0,46818.0,11444.0,123.0,34.95024810370079,0.3723960041095591,0.010907819091962314,0.13279559315364942
 06009,2019,46119.0,48460.0,12079.0,124.0,40.74515926190941,0.37091003707799386,0.010906567792016306,0.12985971074828162
 06011,2014,21156.0,35342.0,6341.0,551.0,56.18283229343921,0.5407922102476839,0.030724144450746834,0.08394781622234827
 06011,2015,21208.0,39940.0,6782.0,521.0,68.94695397963032,0.5550264051301396,0.03093172387778197,0.08671256129762354
 06011,2016,21476.0,41738.0,6795.0,621.0,67.29055690072639,0.5442354255913578,0.029474762525609984,0.08395418141180853
 06011,2017,21558.0,41890.0,6645.0,647.0,63.76250115966231,0.5354392800816402,0.02913071713517024,0.07946006123016977
 06011,2018,21389.0,46623.0,7072.0,643.0,77.41684978259853,0.5577165832904765,0.028893356398148582,0.0821917808219178
 06011,2019,21474.0,44661.0,7571.0,671.0,78.15511781689484,0.5705038651392381,0.029011828257427586,0.0797243177796405
 06013,2014,1108665.0,63390.0,6722.0,148.0,61.58832289284861,0.4707490540424745,0.00044287498928891956,0.13988625960051052
 06013,2015,1124148.0,68323.0,7200.0,119.0,61.565108864669064,0.47954539793692647,0.0004269900404573063,0.1463294868647189
 06013,2016,1137259.0,71621.0,7439.0,114.0,59.158321895012485,0.4889334795328065,0.00040623991544582193,0.14851058553944177
 06013,2017,1145623.0,75929.0,7400.0,114.0,63.76380886207767,0.4946644751371088,0.0003954180389185622,0.1499830223380641
 06013,2018,1150840.0,79641.0,7813.0,102.0,68.40224010288138,0.49981404886865244,0.00038667408154044003,0.154361162281464
 06013,2019,1152883.0,84614.0,8319.0,102.0,69.57969022008304,0.4948290503025892,0.0003885910365579161,0.14892491258870155
 06015,2014,27182.0,31527.0,9593.0,164.0,29.353358840409093,0.3863218306232065,0.00353174895151203,0.08049444485321168
 06015,2015,27198.0,33225.0,10485.0,150.0,30.459482314876094,0.39083756158541066,0.003456136480623575,0.07938083682623723
 06015,2016,27415.0,34198.0,10854.0,125.0,31.47897136604049,0.39781141710742296,0.0032463979573226338,0.08094109064380814
 06015,2017,27383.0,34280.0,10664.0,134.0,32.07190592703502,0.3964503524084286,0.003177153708505277,0.08202169229083738
 06015,2018,27793.0,35017.0,11131.0,135.0,32.80545461087324,0.39819378980318787,0.003094304321231965,0.08365415752167812
 06015,2019,27903.0,36092.0,11902.0,146.0,35.23567358348565,0.39314769021252194,0.0031179443070637565,0.0798838834533921
 06017,2014,183157.0,56496.0,7546.0,159.0,36.20228547093477,0.4529010630224343,0.006087673416795427,0.1545723068187402
 06017,2015,184627.0,59153.0,8028.0,127.0,38.29341320608578,0.4629929533600178,0.00587671359010329,0.15713844670606142
 06017,2016,186027.0,62103.0,8411.0,128.0,41.3402731861504,0.4748074204282174,0.005638966386599794,0.15802544791885048
 06017,2017,188793.0,63387.0,8460.0,122.0,43.64956327829951,0.4843135073863967,0.005429226719210987,0.15782894492910224
 06017,2018,190925.0,65806.0,8949.0,116.0,45.28929160665183,0.4905486447557942,0.005290035354196674,0.1589472305879272
 06017,2019,193057.0,68125.0,9570.0,118.0,48.18696032777884,0.4758387419259597,0.005267874254753778,0.14833442972800778
 06019,2014,960072.0,36746.0,7165.0,239.0,41.305014623903205,0.48436263113599815,0.004686106875317684,0.08828192052262747
 06019,2015,968889.0,38874.0,7880.0,224.0,42.86419290548246,0.4911862968823054,0.004590825161602619,0.08818450823572153
 06019,2016,976231.0,39640.0,8183.0,231.0,44.1857255096386,0.49872417491351945,0.004392403027562124,0.08819121703777077
 06019,2017,984726.0,40208.0,7840.0,244.0,46.49126254409856,0.5043798985707699,0.00428342503396884,0.09036422314430613
 06019,2018,991298.0,41248.0,8295.0,234.0,48.25858319092745,0.513251312925074,0.004186430316615185,0.09265427752300519
 06019,2019,997847.0,43019.0,8849.0,237.0,50.84611268060134,0.5211690770228301,0.004191023273106999,0.09238791117275494
 06021,2014,27802.0,36932.0,7888.0,230.0,38.025070138838934,0.4391770376231926,0.03916984389612258,0.08470613624919071
 06021,2015,27723.0,39586.0,8622.0,209.0,38.73080113984778,0.4560112541932691,0.03895682285466941,0.0818453991270786
 06021,2016,27796.0,40656.0,8984.0,225.0,41.03065189235861,0.45578500503669594,0.0375593610591452,0.08166642682400345
 06021,2017,27876.0,41185.0,8833.0,237.0,40.646685320705984,0.454476969436074,0.036841727651025974,0.08469651312957382
 06021,2018,27899.0,43449.0,9276.0,224.0,46.27581633750314,0.46213125918491704,0.0362378579877415,0.08448331481415104
 06021,2019,28445.0,43247.0,9790.0,229.0,48.066936192652484,0.47059237124274916,0.035788363508525226,0.08229917384426086
 06023,2014,134556.0,39016.0,8640.0,141.0,40.284379737804336,0.5155102708166117,0.00575968370046672,0.14301108832010465
 06023,2015,135177.0,41389.0,9419.0,127.0,41.744497954533685,0.5210871671956028,0.005629655932592083,0.14255383682135275
 06023,2016,136477.0,42376.0,9722.0,105.0,42.98792470526169,0.524234852759073,0.005385522835349546,0.13822841944063835
 06023,2017,136710.0,43354.0,9572.0,101.0,44.9969131738717,0.5285055957867018,0.0052739375320020486,0.13723941189378977
 06023,2018,136502.0,44438.0,10106.0,103.0,47.181030314574144,0.5380580504314955,0.0052013889906374995,0.13599068145521678
 06023,2019,135839.0,46072.0,10785.0,111.0,50.84029623304058,0.5403087478559176,0.005263584095878209,0.13078718188443672
 06025,2014,177786.0,34114.0,6328.0,594.0,45.17503627957207,0.4513516249873443,0.0016086755987535578,0.07751453995252719
 06025,2015,178701.0,36359.0,6940.0,562.0,47.91218292007319,0.4560019250032177,0.0016340143591809782,0.07786190340289086
 06025,2016,179881.0,35349.0,7224.0,590.0,46.59651102673434,0.4434654021269617,0.0015899400158994003,0.07319839227044546
 06025,2017,181250.0,35780.0,7083.0,640.0,47.81463172413793,0.44192,0.0015668965517241379,0.07544827586206897
 06025,2018,181062.0,35331.0,7559.0,655.0,47.871171201025064,0.44737714153163005,0.0015409086390297247,0.07928775778462627
 06025,2019,180439.0,37196.0,8307.0,628.0,51.733161899589334,0.44912685173382694,0.0015628550368822704,0.07533293800120816
 06027,2014,18280.0,50348.0,9720.0,171.0,64.9781728665208,0.5685995623632385,0.004485776805251641,0.13451859956236323
 06027,2015,18097.0,52949.0,10894.0,144.0,68.25241752776704,0.5843509974028844,0.004365364425042825,0.13726031938995414
 06027,2016,17897.0,57009.0,11133.0,139.0,74.041962340057,0.5884785159523943,0.004134771190702352,0.13438006369782646
 06027,2017,17819.0,58964.0,11257.0,126.0,77.6004826308996,0.5863404231438353,0.004096750659408496,0.13552949099276054
 06027,2018,17894.0,57444.0,11858.0,128.0,75.12395216273612,0.5850564435006147,0.004023695093327373,0.12663462613166424
 06027,2019,17993.0,60229.0,12453.0,116.0,79.80559106319124,0.5951759017395654,0.004001556160729173,0.12243650308453287
 06029,2014,869837.0,36509.0,5618.0,205.0,56.607051666001794,0.4646997081062314,0.0017187128163092624,0.08287069876310159
 06029,2015,876548.0,37041.0,6068.0,257.0,50.49390335726053,0.46184692680834366,0.0017306525141806267,0.08326982663813048
 06029,2016,881094.0,36634.0,6361.0,274.0,48.92694877050576,0.4615909312740752,0.0016638406344839484,0.08257007765346262
 06029,2017,887316.0,37080.0,6261.0,243.0,51.721074566445324,0.4638651844438734,0.0016386495904503018,0.08502720564038066
 06029,2018,893618.0,38079.0,6600.0,230.0,54.53571100850699,0.4730623152174643,0.0016013553889917167,0.08675407165030248
 06029,2019,898898.0,39559.0,7045.0,230.0,55.91447750467795,0.4781376752423523,0.0016041864594203124,0.08548244628422802
 06031,2014,149373.0,32058.0,5584.0,215.0,40.81123094535157,0.39982460016201055,0.005797567164079184,0.04783327642880574
 06031,2015,149960.0,32947.0,6115.0,213.0,40.275406775140034,0.40383435582822086,0.005841557748732996,0.04757268604961323
 06031,2016,149269.0,34330.0,6406.0,219.0,40.75686847235528,0.42381874334255604,0.00568771814643362,0.048985388794726296
 06031,2017,149542.0,35664.0,6260.0,230.0,43.121878803279344,0.43633226785785933,0.005617151034491982,0.051891776223402124
 06031,2018,151221.0,35267.0,6573.0,220.0,43.9473551953763,0.4314810773635937,0.005475429999801615,0.05369624589177429
 06031,2019,152727.0,36442.0,7005.0,230.0,46.905151021103016,0.43573173047332825,0.005460724037007209,0.05310783293065404
 06033,2014,64056.0,35166.0,10458.0,185.0,31.06814349943799,0.3719089546646684,0.010943549394280005,0.10376857749469215
 06033,2015,64266.0,37014.0,11459.0,158.0,31.601282170976877,0.37455264058755794,0.010627703606883889,0.10448759841907074
 06033,2016,63912.0,37985.0,11846.0,155.0,33.17671172862686,0.3811960195268494,0.010357992239329077,0.10153022906496433
 06033,2017,64132.0,39840.0,11856.0,165.0,32.51475082642051,0.38649971932888416,0.01007297449011414,0.10316222790494604
 06033,2018,64394.0,40669.0,12380.0,171.0,36.37116812125353,0.38682175357952603,0.00989222598378731,0.10283566791937138
 06033,2019,64463.0,42144.0,12855.0,163.0,39.28469044257947,0.385259761413524,0.009943688627584817,0.09679971456494423
 06035,2014,31664.0,30556.0,7036.0,167.0,40.55324658918646,0.40323395654370897,0.011590449722081859,0.060257705912076805
 06035,2015,31256.0,32689.0,8025.0,132.0,42.71167135909905,0.4128487330432557,0.011453800870232915,0.061524187356027646
 06035,2016,30715.0,34185.0,8392.0,147.0,45.23001790656031,0.4233110857887026,0.011199739540940909,0.06553801074393618
 06035,2017,30919.0,34146.0,8142.0,145.0,42.24625634722986,0.4175102687667777,0.010931789514537986,0.06620524596526407
 06035,2018,30658.0,34970.0,8673.0,136.0,43.44546284819623,0.4122904299041033,0.01082914736773436,0.06549677082653793
 06035,2019,30694.0,35581.0,9130.0,127.0,46.96188180100345,0.41245846093699096,0.01088160552550987,0.06196650811233466
 06037,2014,10033449.0,50891.0,7325.0,142.0,64.87310564891494,0.6055502948188604,9.627795985209074e-05,0.15844760859401388
 06037,2015,10077263.0,54007.0,8023.0,122.0,68.83587805538072,0.6195768632812302,9.337852946777315e-05,0.16495709201992645
 06037,2016,10094865.0,55738.0,8341.0,118.0,71.2494977396924,0.6298826185392277,8.974859990698242e-05,0.16676755954636344
 06037,2017,10092365.0,57551.0,8080.0,120.0,74.8702012858235,0.6354446158061069,8.788822045179698e-05,0.16847607077231155
 06037,2018,10061533.0,59874.0,8605.0,113.0,77.99101717402309,0.651144015529244,8.666671371052502e-05,0.1747976178182788
 06037,2019,10011602.0,63043.0,9271.0,110.0,81.84967950184196,0.6574874830221976,8.779813660191446e-05,0.17153238812329935
 06039,2014,153357.0,33935.0,6045.0,204.0,38.55532515633457,0.409495490913359,0.007864003599444433,0.07867916039046147
 06039,2015,153448.0,34487.0,6683.0,204.0,36.84304129086075,0.40057869766956883,0.007846306240550546,0.07845654553985715
 06039,2016,153694.0,35992.0,6953.0,187.0,39.83309042643174,0.41457051023462205,0.007534451572605306,0.07822686637084077
 06039,2017,155079.0,36836.0,6754.0,189.0,41.710450802494215,0.4162652583521947,0.007370437003075852,0.0790822741957325
 06039,2018,156373.0,37373.0,7082.0,188.0,42.648858818338205,0.4225537656756601,0.007194336618214142,0.08007776278513554
 06039,2019,156717.0,38751.0,7584.0,193.0,45.12350287460837,0.42823050466764934,0.007235973123528398,0.07914903935118717
 06041,2014,260403.0,105205.0,7069.0,109.0,74.07544075913104,0.736727303448885,0.0009216483681063582,0.2740406216518243
 06041,2015,260974.0,112840.0,7500.0,89.0,78.86150727658693,0.7446718830228298,0.0009004728440381034,0.276816847655322
 06041,2016,260722.0,117078.0,7758.0,90.0,87.27260837213583,0.7512062656776183,0.0008553171577388943,0.27669318277705757
 06041,2017,259975.0,122748.0,7923.0,90.0,96.9287893066641,0.7515261082796423,0.000846235214924512,0.27154149437445907
 06041,2018,260091.0,132000.0,8392.0,82.0,102.26837529941443,0.7578309130265946,0.0008304785632720855,0.27452699247571044
 06041,2019,259085.0,138903.0,8955.0,76.0,106.10266900824054,0.7459405214504892,0.0008375629619622903,0.2587490591890692
 06043,2014,17745.0,41201.0,10238.0,213.0,35.31597633136095,0.4464356156663849,0.017131586362355594,0.1202028740490279
 06043,2015,17653.0,43938.0,10985.0,174.0,37.289469212031946,0.45539001869370643,0.016767688211635417,0.12156573953435677
 06043,2016,17498.0,47247.0,11396.0,176.0,41.100468624985716,0.46833923877014516,0.016287575722939766,0.12955766373299807
 06043,2017,17461.0,49352.0,11152.0,166.0,44.75453868621499,0.47374148101483304,0.01597846629631751,0.12696867304278106
 06043,2018,17361.0,51530.0,11696.0,185.0,52.767409711422154,0.48539830654916194,0.01578250100800645,0.1309256379240827
 06043,2019,17117.0,53861.0,12672.0,149.0,58.47964012385348,0.4899807209207221,0.016124320850616346,0.12881930244785886
 06045,2014,87247.0,41656.0,9937.0,152.0,40.055520533657315,0.5565463568947929,0.011358556741206002,0.16582805139431728
 06045,2015,87131.0,43586.0,10912.0,130.0,42.32744947263316,0.560523808977287,0.011224478084723002,0.1667144873810699
 06045,2016,87319.0,44599.0,11465.0,129.0,43.791717724664736,0.5612409670289399,0.01081093461904053,0.1646377077153884
 06045,2017,87690.0,45984.0,11235.0,129.0,45.11733378948569,0.5595620937393089,0.010571330824495382,0.16197970122020755
 06045,2018,87549.0,47694.0,11971.0,128.0,47.81442392260334,0.5662885926738169,0.010428445784646313,0.16144102159933293
 06045,2019,86932.0,49803.0,12849.0,132.0,51.48123820917499,0.5564579211337597,0.010582984401601252,0.15063497906409606
 06047,2014,264241.0,34384.0,7037.0,257.0,34.97234721333934,0.37052160716921295,0.007739147217880647,0.0653607880684678
 06047,2015,266133.0,35610.0,7736.0,245.0,34.890836536618906,0.3758233665122326,0.007736733137190803,0.06648931173510989
 06047,2016,267370.0,35978.0,8055.0,248.0,34.68271683434941,0.37741706249766244,0.007472790515016644,0.0669708643452893
 06047,2017,270837.0,36766.0,7753.0,259.0,37.5948190239886,0.3834151168414951,0.007288516709312244,0.06728031989720755
 06047,2018,273733.0,37193.0,8125.0,254.0,37.4179656818871,0.38791450062652294,0.007098157693811122,0.06934859881709549
 06047,2019,277114.0,37952.0,8558.0,255.0,39.41436015502645,0.38521330571533735,0.007065684158866026,0.06882005239720837
 06049,2014,9078.0,40796.0,11676.0,170.0,40.95450539766468,0.45803040317250493,0.03778365278695748,0.1198501872659176
 06049,2015,9064.0,42649.0,12233.0,150.0,42.951345984112976,0.44880847308031774,0.03695939982347749,0.11948367166813768
 06049,2016,8957.0,43273.0,12764.0,154.0,44.52841353131629,0.4591939265379033,0.03606118119906219,0.1147705705035168
 06049,2017,8864.0,43335.0,12495.0,164.0,45.43986913357401,0.45126353790613716,0.03564981949458484,0.1171028880866426
 06049,2018,8816.0,43881.0,13213.0,179.0,46.92921960072595,0.4570099818511797,0.03539019963702359,0.1169464609800363
 06049,2019,8866.0,45375.0,14107.0,165.0,53.36577938190842,0.4646965937288518,0.035416196706519285,0.10760207534401083
 06051,2014,14130.0,41694.0,4128.0,264.0,70.63722576079265,0.681316348195329,0.0040339702760084925,0.1629157820240623
 06051,2015,14074.0,42445.0,4277.0,240.0,73.41033110700583,0.6831746482876225,0.003907915304817394,0.16512718487992042
 06051,2016,14256.0,43145.0,4403.0,211.0,76.6199494949495,0.6943742985409652,0.003647586980920314,0.1632996632996633
 06051,2017,14333.0,48054.0,4414.0,208.0,85.26072699365102,0.7185515942231214,0.0034884532198423217,0.17079466964348008
 06051,2018,14400.0,46598.0,4647.0,199.0,82.01409722222222,0.7189583333333334,0.003472222222222222,0.17423611111111112
 06051,2019,14450.0,49356.0,5171.0,183.0,93.2842214532872,0.7223529411764706,0.0034602076124567475,0.1639446366782007
 06053,2014,427985.0,47353.0,5833.0,273.0,56.27858219330117,0.5582648924611844,0.0020327815227169175,0.10355736766475461
 06053,2015,430178.0,50943.0,6296.0,260.0,59.82373343127728,0.5681578323391713,0.002010795531152221,0.10507278382437038
 06053,2016,433436.0,52105.0,6566.0,262.0,60.24062375990919,0.5740432266816785,0.0019126237783663562,0.10574110133906736
 06053,2017,433803.0,53189.0,6555.0,287.0,62.41603216206435,0.5775040744300984,0.001885648554758727,0.10490706611065391
 06053,2018,433359.0,53625.0,6979.0,289.0,65.11002886752092,0.5933440865425663,0.0018575822816648553,0.10693674297753133
 06053,2019,433380.0,56545.0,7477.0,295.0,67.96665282200378,0.596056578522313,0.0018713369329456829,0.10255895518944114
 06055,2014,140331.0,59462.0,7177.0,155.0,67.79866886147751,0.711681666916077,0.00879349537878302,0.15926630609060008
 06055,2015,140766.0,64005.0,7679.0,128.0,73.4886549308782,0.7325348450620178,0.00892260915277837,0.16354091186792266
 06055,2016,140778.0,67670.0,7983.0,126.0,76.44385486368608,0.7323871627669096,0.008673230192217534,0.1600534174373837
 06055,2017,139818.0,69528.0,8028.0,128.0,79.20659714772061,0.7488377748215538,0.008661259637528788,0.16414195597133416
 06055,2018,138620.0,70161.0,8552.0,112.0,81.41970855576396,0.776266051074881,0.0085990477564565,0.1696652719665272
 06055,2019,137678.0,73886.0,9246.0,115.0,85.82727087842648,0.7747061985211872,0.008723252807274946,0.1576068798210317
 06057,2014,98605.0,52655.0,8957.0,152.0,41.01644947010801,0.5313219410780387,0.006378986866791745,0.20556766898230314
 06057,2015,98716.0,54459.0,9713.0,132.0,42.96704688196442,0.5362859110985048,0.0061894728311519915,0.2067142104623364
 06057,2016,98939.0,56904.0,10075.0,118.0,44.72209138964413,0.5505917787727792,0.005932948584481347,0.2150011623323462
 06057,2017,99421.0,57573.0,10183.0,119.0,45.92411060037618,0.5510304664004586,0.005783486386175958,0.2124098530491546
 06057,2018,99472.0,58685.0,10766.0,114.0,47.60209908315908,0.5570512304970243,0.005679990349042947,0.21065224384751488
 06057,2019,99648.0,60689.0,11454.0,111.0,52.00094332048812,0.5542007867694284,0.005720134874759152,0.20192076107899806
 06059,2014,3126523.0,56457.0,5699.0,128.0,67.40732084811147,0.6678732253049154,6.908633008616921e-05,0.16244339158867535
 06059,2015,3148952.0,60369.0,6085.0,104.0,71.5091201771256,0.6857833971429225,6.732398588482772e-05,0.16857259177021433
 06059,2016,3164277.0,62319.0,6300.0,100.0,73.96741562132519,0.6969933416069453,6.446970350572974e-05,0.16937550031176157
 06059,2017,3174159.0,64601.0,6327.0,102.0,77.91501465427535,0.7066325284902237,6.300881587847363e-05,0.16945527933540822
 06059,2018,3175579.0,67044.0,6700.0,94.0,80.9244163032946,0.7241680965896298,6.203593108532334e-05,0.17500556591412147
 06059,2019,3170851.0,69951.0,7158.0,89.0,84.90773486360601,0.7275762878798152,6.275917726818447e-05,0.16962323363664833
 06061,2014,369241.0,55983.0,7087.0,138.0,48.46658686332233,0.5697850455393632,0.00310908051922728,0.15512091019144678
 06061,2015,372870.0,59430.0,7566.0,112.0,52.30846139405155,0.5871885643790061,0.002998364041086706,0.15837155040630782
 06061,2016,379046.0,61525.0,7846.0,106.0,54.6498182278668,0.6007239226901221,0.002859811210248888,0.15808635363517884
 06061,2017,385348.0,63609.0,7917.0,107.0,56.037415530896745,0.6077882848749702,0.002750760351682116,0.15910813083239048
 06061,2018,392735.0,65547.0,8301.0,96.0,58.73275618419545,0.6209861611519217,0.0026582810291927127,0.16055355392312884
 06061,2019,398918.0,67610.0,8731.0,100.0,61.93813766237673,0.616715716011812,0.0026371334459713526,0.15306905178507862
 06063,2014,18631.0,44040.0,11932.0,267.0,54.70881863560732,0.5129622671890934,0.005421072406204713,0.16268584617036122
 06063,2015,18435.0,45609.0,12704.0,254.0,55.756224572823434,0.5183618117710876,0.005315975047464063,0.16604285326823975
 06063,2016,18691.0,46303.0,13004.0,243.0,59.60890268043443,0.5122786367770584,0.005029158418490182,0.1623241132095661
 06063,2017,18680.0,47566.0,12668.0,257.0,67.71113490364026,0.5122055674518201,0.004978586723768737,0.15610278372591008
 06063,2018,18830.0,49485.0,13302.0,226.0,64.57275624004248,0.5252788104089219,0.0048327137546468404,0.16038236856080723
 06063,2019,19052.0,51044.0,14226.0,255.0,76.71058156623977,0.5231996640772623,0.004828889355448247,0.15609909720764223
 06065,2014,2315238.0,34670.0,5823.0,154.0,30.956141442046132,0.4012084286799025,0.000997305676565433,0.11009062567217712
 06065,2015,2344648.0,36418.0,6270.0,131.0,33.16464006537442,0.41326416587905734,0.0009660298688758397,0.11158178114582658
 06065,2016,2378282.0,37693.0,6477.0,132.0,34.06781870274425,0.4215833109782608,0.0009220941839529543,0.1108043537309705
 06065,2017,2413058.0,38605.0,6454.0,131.0,35.22377663529016,0.4282889180450698,0.0008905712171029457,0.11192395707024033
 06065,2018,2443221.0,39955.0,6795.0,121.0,36.5282227845946,0.43803773788781286,0.0008656605358254533,0.1143560079092313
 06065,2019,2465569.0,41385.0,7267.0,121.0,38.74701904509669,0.4440715307501027,0.0008643035339915452,0.11322295178111016
 06067,2014,1474828.0,44150.0,7718.0,152.0,54.09195716381843,0.5559909358921854,0.0007519520920405634,0.11307420255107714
 06067,2015,1493547.0,46674.0,8426.0,123.0,56.928904815181575,0.5634412576236302,0.00073181493451495,0.11464788185440432
 06067,2016,1511401.0,47723.0,8722.0,122.0,57.63790681625856,0.5672306687636174,0.0007006744073875827,0.11544388286100116
 06067,2017,1527984.0,49125.0,8480.0,123.0,59.70907679661567,0.5716106974942146,0.000679980942208819,0.11880752678038513
 06067,2018,1539550.0,51187.0,8956.0,111.0,62.38606735734468,0.5840511837874703,0.0006644798804845572,0.12193433146049171
 06067,2019,1551660.0,53278.0,9459.0,114.0,66.24369771728342,0.5883531185955686,0.0006638052150600002,0.1195751646623616
 06069,2014,57891.0,40796.0,5377.0,221.0,35.06052754314142,0.4005113057297335,0.008965124112556356,0.10376397021989602
 06069,2015,58276.0,44557.0,5885.0,197.0,36.925869997940836,0.39827716384103234,0.008768618299128285,0.1036104056558446
 06069,2016,59270.0,46779.0,6166.0,189.0,37.745689218829085,0.4174287160452168,0.00833473932849671,0.1072043192171419
 06069,2017,60190.0,49092.0,6026.0,194.0,39.27943179930221,0.40870576507725537,0.008041202857617544,0.10431965442764579
 06069,2018,61415.0,50703.0,6284.0,203.0,40.3532687454205,0.40420092811202474,0.007766832207115526,0.10591874949116666
 06069,2019,62803.0,52806.0,6618.0,210.0,42.40017196630734,0.4017005557059376,0.007658869799213414,0.10241548970590576
 06071,2014,2098346.0,33586.0,6014.0,141.0,37.17270412029284,0.44769308779391004,0.0004837143159421754,0.10342098014340818
 06071,2015,2114352.0,35399.0,6550.0,117.0,39.72999008679728,0.46143404693258266,0.00047012039622541563,0.10493853435946332
 06071,2016,2130726.0,36578.0,6814.0,117.0,41.327532962943145,0.4648988185247657,0.00044914268657725114,0.10388806444376236
 06071,2017,2149847.0,37477.0,6673.0,117.0,42.91136252951954,0.4740700152150362,0.00043631011881310625,0.10526423508277566
 06071,2018,2165627.0,38781.0,7032.0,105.0,44.68718389639582,0.4858532886780595,0.0004262045125961211,0.10874310303667252
 06071,2019,2177279.0,40537.0,7504.0,105.0,47.81511831970087,0.4936533168234296,0.00042713864415171415,0.10821259011821636
 06073,2014,3249307.0,51230.0,6514.0,150.0,61.97775433346249,0.6072193239973939,0.001401529618469415,0.13640046939239658
 06073,2015,3280825.0,53679.0,7012.0,123.0,65.10395860797207,0.6187333978496262,0.0013517941371453826,0.14070607240556873
 06073,2016,3305462.0,55056.0,7245.0,118.0,66.63510244558854,0.6302943431205683,0.0012990619768129235,0.14209934950091696
 06073,2017,3319019.0,56802.0,7208.0,114.0,69.47989390841089,0.6384871553913973,0.0012642289785023827,0.14423780038619846
 06073,2018,3332483.0,58719.0,7620.0,105.0,72.69117021752248,0.6448065901611502,0.0012399163026488057,0.14729287441226258
 06073,2019,3330459.0,60845.0,8181.0,103.0,76.00087315291977,0.6480854440784288,0.0012493773380786253,0.14319227469847248
 06075,2014,850918.0,97993.0,7074.0,146.0,156.17716395704403,1.002948580239224,0.0,0.1982141639970009
 06075,2015,863237.0,105863.0,7550.0,126.0,168.81715913474514,1.0373906586487835,0.0,0.20267782775761464
 06075,2016,871343.0,113024.0,7731.0,127.0,183.68977429095088,1.0686354282986148,0.0,0.20636534636761872
 06075,2017,877471.0,119591.0,7483.0,133.0,200.1512380466135,1.0803798644057752,0.0,0.2065356006067437
 06075,2018,879676.0,129280.0,7908.0,112.0,214.94919720442527,1.1107748762044207,0.0,0.20796179502453177
 06075,2019,878826.0,133856.0,8437.0,109.0,231.54383461572598,1.1195925018149213,0.0,0.19190829584013216
 06077,2014,711296.0,36816.0,7556.0,207.0,36.944713593215766,0.413653387619219,0.004023641353248155,0.08471156874212704
 06077,2015,721919.0,39086.0,8295.0,185.0,39.064457369871135,0.429740732686077,0.00394781131955247,0.08606367196319809
 06077,2016,732662.0,40452.0,8474.0,185.0,39.620881115712294,0.43597866410432096,0.0037670849586849053,0.08679855103717676
 06077,2017,743286.0,41601.0,8143.0,187.0,41.275406774781175,0.444874516673259,0.0036580804696980706,0.08880834564353425
 06077,2018,752590.0,43077.0,8556.0,178.0,43.199598719090076,0.45151277588062555,0.003555720910455892,0.09260819304003508
 06077,2019,761571.0,45075.0,9135.0,184.0,45.090804403003794,0.45381454913593083,0.0035400507634875803,0.09220939347743021
 06079,2014,278271.0,47744.0,6689.0,115.0,54.8813674439665,0.5917289261187835,0.007338170344735887,0.16160864768517022
 06079,2015,280138.0,50645.0,7167.0,101.0,58.528061169852,0.6046091569155202,0.007214301522820895,0.16271623271387672
 06079,2016,281884.0,51694.0,7462.0,98.0,59.36328064026337,0.6023683501014602,0.00693902456329554,0.16380496942004513
 06079,2017,282473.0,54210.0,7590.0,89.0,61.25828663270472,0.6122744474693157,0.006807730296346908,0.1637537038938235
 06079,2018,283250.0,55913.0,8064.0,79.0,64.50164165931156,0.6191456310679612,0.006683142100617829,0.1662983230361871
 06079,2019,282728.0,58693.0,8667.0,78.0,67.43565193401432,0.6194186638748196,0.006744998726691378,0.15935103703913303
 06081,2014,757653.0,92531.0,5528.0,115.0,118.42484092321946,0.6892614429032816,0.0003075286443794191,0.16388241054942038
 06081,2015,765479.0,101261.0,5840.0,92.0,127.50808839955113,0.7065197085746311,0.00029915908862294065,0.17025287434403819
 06081,2016,767928.0,106115.0,6050.0,89.0,140.4921906741257,0.7211548478503192,0.0002877873967351106,0.17692934754299883
 06081,2017,768658.0,116077.0,6079.0,91.0,157.34280655375994,0.7316908169823251,0.00028361117688230656,0.17592609457001684
 06081,2018,768410.0,125332.0,6415.0,79.0,165.87807680795407,0.7423159511198448,0.0002797985450475658,0.18013560469020445
 06081,2019,764810.0,132133.0,6810.0,74.0,175.9144271126162,0.7515003726415711,0.0002824230854722088,0.17018736679698226
 06083,2014,438921.0,52631.0,5974.0,133.0,57.368184707498614,0.6139624214835927,0.0025608252965795665,0.14119169508863783
 06083,2015,442051.0,55620.0,6381.0,125.0,60.56696399284245,0.6194217409303452,0.002544955220099038,0.14293825825526918
 06083,2016,444112.0,56195.0,6598.0,125.0,61.017468566487736,0.6187087941780451,0.002470097633029506,0.14309903808048421
 06083,2017,444998.0,58138.0,6620.0,132.0,64.123881455647,0.6207196436837918,0.002429224401008544,0.14111524096737513
 06083,2018,445137.0,60818.0,6979.0,127.0,67.39230843538057,0.632349141949557,0.002390275353430517,0.14372878462136376
 06083,2019,445464.0,62715.0,7503.0,121.0,70.37335901442091,0.6390729666145861,0.002406479535944543,0.13868011780974446
 06085,2014,1891286.0,78377.0,5617.0,133.0,120.94919382896083,0.6751210551973631,0.0004214063869769035,0.1261956150471161
 06085,2015,1915736.0,85338.0,6033.0,111.0,132.18713538817457,0.697090830886928,0.0004087201994429295,0.1307445284736519
 06085,2016,1928144.0,91828.0,6210.0,113.0,139.99198815026264,0.7106683940618543,0.0003915682646109419,0.13219915110074767
 06085,2017,1932251.0,99336.0,6133.0,110.0,150.17919152325447,0.7246827663693796,0.00038297301955077267,0.1334407382891767
 06085,2018,1931985.0,108344.0,6481.0,96.0,162.2869478800301,0.742518704855369,0.00037733212214380546,0.1362588218852631
 06085,2019,1922411.0,114649.0,6913.0,96.0,172.66762102380812,0.7499124796934683,0.0003823323940614156,0.1289438106627563
 06087,2014,270863.0,55298.0,6224.0,238.0,49.03144394029454,0.5508578137287116,0.001838567836876945,0.1633593366388174
 06087,2015,273495.0,57880.0,6741.0,216.0,50.52843744858224,0.5613594398435072,0.0018025923691475164,0.16556061353955281
 06087,2016,274476.0,59382.0,7023.0,217.0,51.802642125358865,0.564154971655081,0.0017342135560121832,0.1600941430216121
 06087,2017,274865.0,62813.0,7067.0,233.0,53.379720953922835,0.5652338420679243,0.001706292179797355,0.15866334382333144
 06087,2018,273713.0,65751.0,7578.0,234.0,56.43448794905613,0.5728810834706426,0.0016878993690471406,0.16024083620434543
 06087,2019,272870.0,68990.0,8091.0,234.0,60.34989555465973,0.5704328068310918,0.001704108183384029,0.1496280279986807
 06089,2014,178904.0,38549.0,10749.0,195.0,40.742867683226756,0.49185037785628044,0.007238518982247462,0.11692304252560032
 06089,2015,178386.0,40955.0,11677.0,165.0,43.06782482930275,0.5038063525164531,0.007024093819021672,0.11795208144136872
 06089,2016,178592.0,42081.0,12052.0,159.0,45.45368213581796,0.5062432807740548,0.006758421429851281,0.11222227199426626
 06089,2017,179403.0,43379.0,11751.0,151.0,48.575207772445275,0.5061509562270419,0.0065662224154557055,0.1106503235731844
 06089,2018,179666.0,44549.0,12300.0,150.0,49.47348413166654,0.5134638718511015,0.0064619905825253525,0.11111729542595705
 06089,2019,179645.0,46417.0,13011.0,148.0,54.46184419271341,0.5155167135183278,0.00650727824320187,0.107311642405856
 06091,2014,2976.0,38705.0,9468.0,250.0,30.114247311827956,0.3558467741935484,0.011088709677419355,0.14213709677419356
 06091,2015,2990.0,38116.0,8697.0,217.0,30.312040133779263,0.3725752508361204,0.01036789297658863,0.15418060200668895
 06091,2016,2956.0,39889.0,9511.0,176.0,33.12280108254398,0.38058186738836264,0.009810554803788904,0.15730717185385656
 06091,2017,3008.0,41561.0,9230.0,163.0,33.96875,0.3726728723404255,0.00964095744680851,0.1622340425531915
 06091,2018,2961.0,42769.0,9619.0,170.0,37.97298210064167,0.38230327592029717,0.009456264775413711,0.16278284363390746
 06091,2019,2959.0,45432.0,10001.0,175.0,44.64346062859074,0.3798580601554579,0.009462656302805001,0.14633322068266305
 06093,2014,43357.0,37019.0,11301.0,234.0,38.10824088382499,0.468851627188228,0.017090665867103352,0.13688677722167125
 06093,2015,43275.0,40316.0,12454.0,212.0,41.35112651646447,0.47346042749855577,0.016707105719237433,0.1345580589254766
 06093,2016,43402.0,41415.0,12905.0,211.0,42.703999815676696,0.4861987926823649,0.01608220819317082,0.13603059766831022
 06093,2017,43647.0,41970.0,12535.0,209.0,43.77842692510367,0.4862418952047105,0.01564826906774807,0.13370907507961602
 06093,2018,43624.0,42887.0,13299.0,218.0,44.769484687328074,0.48810287914909223,0.01540436456996149,0.13536126902622408
 06093,2019,43663.0,44158.0,14135.0,211.0,49.17209078624923,0.47841421798776995,0.015505118750429425,0.12408675537640565
 06095,2014,428971.0,41678.0,6823.0,184.0,50.14342461378508,0.4247396677164657,0.0015851887423625373,0.09203419345363673
 06095,2015,433378.0,44150.0,7473.0,152.0,51.52570042780206,0.4337160631134945,0.0015436870353363577,0.09607778890483597
 06095,2016,438834.0,46042.0,7840.0,148.0,52.579198512421556,0.4425295214135641,0.001474361603704362,0.09773627385298313
 06095,2017,443554.0,47333.0,7811.0,148.0,53.1762942054406,0.44828814529910677,0.00143387276408284,0.10080170621840859
 06095,2018,445931.0,49336.0,8270.0,130.0,55.45652354287995,0.45743624013580575,0.0014015621250821316,0.10350480231246538
 06095,2019,447434.0,51889.0,8873.0,135.0,58.187819879580005,0.45732554969001016,0.0014080288936468843,0.10061372180031021
 06097,2014,498317.0,50491.0,7092.0,138.0,51.700975483477386,0.5792738357310708,0.005626940280985798,0.16327558562120095
 06097,2015,500598.0,54225.0,7710.0,109.0,55.259321851066126,0.5928070028246217,0.005543370129325327,0.16758357005021993
 06097,2016,502445.0,56134.0,8097.0,102.0,57.26232323935953,0.5956353431718895,0.00534784901830051,0.1627441809551294
 06097,2017,502203.0,58347.0,8169.0,104.0,59.82394768649331,0.6045941581392386,0.005260820823451871,0.16444147087930577
 06097,2018,497221.0,61501.0,8681.0,89.0,63.759885443293825,0.6216189581695061,0.005229063132892617,0.1665315825357336
 06097,2019,492318.0,64869.0,9330.0,93.0,67.7199289889868,0.6196137455872017,0.005319732368103543,0.15708546102315982
 06099,2014,527814.0,37125.0,6989.0,230.0,39.13893151754216,0.43677886528208804,0.006401876418586851,0.08450135843308439
 06099,2015,532954.0,39444.0,7583.0,204.0,40.91251402560071,0.44574203402169793,0.006268833707974797,0.08510490586429598
 06099,2016,538986.0,40213.0,7780.0,203.0,41.77595150894457,0.44980945701743646,0.006007577191244299,0.08428048223887077
 06099,2017,544494.0,41076.0,7545.0,204.0,44.0449187686182,0.4531877302596539,0.005842121308958409,0.08596605288579856
 06099,2018,547855.0,41850.0,7964.0,194.0,45.6180923784578,0.4616531746538774,0.005716841134971845,0.08903085670478503
 06099,2019,549761.0,43402.0,8456.0,192.0,48.15143671522716,0.46505117678409347,0.005738857430774464,0.08846389612940896
 06101,2014,94721.0,37494.0,7101.0,286.0,34.67151951520782,0.4163807392236146,0.011676396997497914,0.09822531434423201
 06101,2015,95224.0,40192.0,7742.0,259.0,36.99252289338822,0.42787532554818114,0.011740737629169117,0.09851508023187432
 06101,2016,95769.0,41080.0,8024.0,260.0,37.31255416679719,0.4376990466643695,0.011318902776472553,0.10035606511501634
 06101,2017,96161.0,41519.0,7856.0,273.0,38.38939902871226,0.44417175362153055,0.011147970590988031,0.10160044092719502
 06101,2018,96348.0,43336.0,8280.0,270.0,41.25113131564744,0.45204882301656496,0.010960269024785153,0.10346867604932121
 06101,2019,96910.0,45054.0,8939.0,276.0,43.86676297595707,0.45939531524094523,0.010968940253843772,0.10264162625116087
 06103,2014,62797.0,34459.0,8774.0,162.0,29.16878194818224,0.37326623883306526,0.02324951828909024,0.07228052295491823
 06103,2015,63150.0,36140.0,9432.0,136.0,30.295613618368964,0.38061757719714967,0.02245447347585115,0.07360253365003959
 06103,2016,63468.0,36546.0,9780.0,134.0,31.601184849057795,0.3954748849814079,0.02153841305854919,0.08010335917312661
 06103,2017,63827.0,38580.0,9582.0,140.0,35.223306751061465,0.40390430382126685,0.020931580679022985,0.07951180534883356
 06103,2018,63904.0,39460.0,10018.0,138.0,36.52203304957436,0.40803392588883325,0.020577741612418626,0.07990110165247871
 06103,2019,65186.0,40775.0,10542.0,142.0,39.314837541803456,0.3990273985211549,0.020326450464823734,0.07184057926548645
 06105,2014,13126.0,32294.0,11321.0,187.0,29.859439280816698,0.3594392808166997,0.015694042358677433,0.1294377571232668
 06105,2015,13094.0,34483.0,12285.0,154.0,31.003360317702764,0.36306705361234154,0.015350542233083856,0.12937223155643807
 06105,2016,12827.0,35269.0,12765.0,145.0,34.02081546737351,0.3679738052545412,0.014968425976455913,0.1306618850861464
 06105,2017,12727.0,36155.0,12479.0,136.0,37.45988842618056,0.3617506089416202,0.01477174510882376,0.12147403158639114
 06105,2018,12598.0,38249.0,13189.0,149.0,38.54976980473091,0.3645816796316876,0.014684870614383236,0.12105096046991586
 06105,2019,12337.0,39959.0,14156.0,152.0,43.33444111210181,0.3701872416308665,0.015076598848990841,0.1174515684526222
 06107,2014,454858.0,35283.0,6688.0,263.0,36.73510853936833,0.4239345026359875,0.008521340726116723,0.07320306557211262
 06107,2015,456794.0,36044.0,7450.0,258.0,36.56537958029221,0.4386397369492594,0.008465522752050158,0.07340726892209617
 06107,2016,458991.0,37597.0,7739.0,273.0,38.34952101457327,0.447085019096235,0.008098198003882428,0.07269641452664649
 06107,2017,462072.0,38531.0,7415.0,301.0,40.94900578264859,0.44796698350040687,0.007944649318720892,0.07393652937204591
 06107,2018,464279.0,38613.0,7806.0,303.0,41.35548667934582,0.4529690121672529,0.007777650938336647,0.07556878514858523
 06107,2019,465751.0,40040.0,8365.0,309.0,44.45595393246606,0.4557263430459623,0.007817481873361518,0.07550601072246758
 06109,2014,53830.0,38975.0,10311.0,156.0,42.20076165706855,0.46589262493033623,0.006241872561768531,0.1294445476500093
 06109,2015,53599.0,41684.0,11146.0,136.0,45.00742551166999,0.47541931752458066,0.006100860090673333,0.13175618948114703
 06109,2016,53729.0,43233.0,11482.0,125.0,49.97331050270803,0.48296078467866516,0.005881367604087178,0.13275884531630963
 06109,2017,53953.0,43901.0,11394.0,128.0,54.539228587844974,0.4781383797008507,0.005708672362982596,0.13133653364965803
 06109,2018,54250.0,44695.0,11922.0,115.0,52.729032258064514,0.480294930875576,0.005603686635944701,0.13148387096774194
 06109,2019,54290.0,46166.0,12515.0,119.0,60.08447227850433,0.47721495671394365,0.005636397126542641,0.12449806594216246
 06111,2014,842113.0,52566.0,6109.0,170.0,57.51138505164984,0.5419391459340968,0.0019296697711589776,0.1407210196256322
 06111,2015,845599.0,54849.0,6603.0,152.0,58.51549020280299,0.5450597741955703,0.0019406361644230894,0.1432392895450444
 06111,2016,846921.0,56371.0,6897.0,146.0,58.964310720834646,0.5489968958143676,0.0018880155291933958,0.14204040282387614
 06111,2017,848264.0,57981.0,6971.0,141.0,59.640350174002435,0.5514497845010515,0.0018626276725170466,0.1406437146925957
 06111,2018,847222.0,60238.0,7414.0,133.0,61.614142456168516,0.5599937206540907,0.0018354103174846735,0.14325997200261562
 06111,2019,844203.0,63190.0,8046.0,129.0,64.86648827355506,0.5629345074585141,0.0018561886181404235,0.13871189749384924
 06113,2014,208368.0,46959.0,5891.0,164.0,59.97126718114106,0.6163902326652845,0.003680987483682715,0.10226618290716424
 06113,2015,211998.0,49176.0,6407.0,147.0,63.77558278851687,0.6273549750469344,0.003589656506193455,0.10401984924386079
 06113,2016,215569.0,49989.0,6650.0,145.0,66.147762433374,0.6308374580760685,0.0034049422690646614,0.10454193320932045
 06113,2017,218470.0,50520.0,6547.0,143.0,67.97748432279032,0.6319311575960086,0.0033093788620863276,0.10590927816176134
 06113,2018,220082.0,51690.0,6944.0,132.0,71.32180732636017,0.6446824365463781,0.003235157804818204,0.10758262829309076
 06113,2019,220019.0,54398.0,7380.0,141.0,75.14436480485776,0.6573205041382789,0.0032588094664551697,0.10443643503515605
 06115,2014,73527.0,34780.0,9279.0,205.0,39.30334434969467,0.372325812286643,0.009112298883403376,0.07243597590000952
 06115,2015,74039.0,37238.0,10273.0,175.0,40.08394224665379,0.37684193465605964,0.009035778441091857,0.07771579843055687
 06115,2016,74920.0,38234.0,10661.0,180.0,42.18155365723438,0.37262413240790176,0.008649225840896956,0.07530699412706887
 06115,2017,76575.0,38506.0,10108.0,180.0,44.30718903036239,0.375109369898792,0.008344760039177277,0.07567744041789096
 06115,2018,77418.0,40196.0,10631.0,174.0,45.026169624635095,0.3823141904983337,0.008124725516029864,0.07778552791340515
 06115,2019,78549.0,41384.0,11417.0,174.0,48.84371538784708,0.3871723382856561,0.00807139492546054,0.07646182637589276
