GeoFIPS,GeoName,Region,TableName,LineCode,IndustryClassification,Description,Unit,2001,2002,2003,2004,2005,2006,2007,2008,2009,2010,2011,2012,2013,2014,2015,2016,2017,2018,2019
 "06000","California",8,CAGDP1,1,"...","Real GDP (thousands of chained 2012 dollars)","Thousands of chained 2012 dollars",1707064724,1747199538,1829296454,1902550416,1988736510,2072274126,2103014826,2110596112,2025633152,2056990380,2090836814,2144089599,2219610473,2316331183,2437366922,2519133600,2628314591,2708966927,2800505405
 "06000","California",8,CAGDP1,2,"...","Chain-type quantity indexes for real GDP","Quantity index",79.617,81.489,85.318,88.735,92.754,96.651,98.084,98.438,94.475,95.938,97.516,100.000,103.522,108.033,113.678,117.492,122.584,126.346,130.615
 "06000","California",8,CAGDP1,3,"...","Current-dollar GDP (thousands of current dollars)","Thousands of dollars",1387551820,1439341677,1530559794,1632428734,1752648907,1874851315,1955320948,1990187856,1919271115,1973511854,2049336793,2144089599,2261510622,2399077700,2559643240,2671100529,2831038425,2975083022,3132800579
 "06001","Alameda, CA",8,CAGDP1,1,"...","Real GDP (thousands of chained 2012 dollars)","Thousands of chained 2012 dollars",81266604,82555391,86554424,88425432,90629810,94304284,94950468,95116368,90205582,93090964,94801980,97203584,100766100,105506384,113194353,117516318,122983926,127165177,129708807
 "06001","Alameda, CA",8,CAGDP1,2,"...","Chain-type quantity indexes for real GDP","Quantity index",83.605,84.930,89.044,90.969,93.237,97.017,97.682,97.853,92.801,95.769,97.529,100.000,103.665,108.542,116.451,120.897,126.522,130.824,133.440
 "06001","Alameda, CA",8,CAGDP1,3,"...","Current-dollar GDP (thousands of current dollars)","Thousands of dollars",66992943,69145648,73217538,76417217,80189480,85607091,88299465,89588149,86904155,90033250,92823595,97203584,102651288,109296260,119856797,126100394,133468782,140288623,146210749
 "06003","Alpine, CA",8,CAGDP1,1,"...","Real GDP (thousands of chained 2012 dollars)","Thousands of chained 2012 dollars",74997,77453,79463,77282,78186,89804,93943,88874,86028,88136,98962,98033,97738,106196,110513,108329,104377,103549,114254
 "06003","Alpine, CA",8,CAGDP1,2,"...","Chain-type quantity indexes for real GDP","Quantity index",76.502,79.007,81.058,78.833,79.755,91.605,95.828,90.657,87.754,89.905,100.948,100.000,99.699,108.327,112.730,110.503,106.471,105.626,116.546
 "06003","Alpine, CA",8,CAGDP1,3,"...","Current-dollar GDP (thousands of current dollars)","Thousands of dollars",57326,60721,63574,63468,67057,79973,87048,84328,82910,84889,96591,98033,100000,111008,119072,119011,116547,118241,133889
 "06005","Amador, CA",8,CAGDP1,1,"...","Real GDP (thousands of chained 2012 dollars)","Thousands of chained 2012 dollars",1263407,1445396,1575000,1628239,1616336,1706367,1659483,1586012,1508105,1475898,1469976,1398967,1456195,1504969,1549921,1600730,1645661,1679855,1786635
 "06005","Amador, CA",8,CAGDP1,2,"...","Chain-type quantity indexes for real GDP","Quantity index",90.310,103.319,112.583,116.389,115.538,121.973,118.622,113.370,107.801,105.499,105.076,100.000,104.091,107.577,110.790,114.422,117.634,120.078,127.711
 "06005","Amador, CA",8,CAGDP1,3,"...","Current-dollar GDP (thousands of current dollars)","Thousands of dollars",951383,1105763,1231903,1324620,1362985,1498457,1509026,1473652,1447132,1428232,1443179,1398967,1491459,1578560,1665400,1744001,1823491,1901466,2067676
 "06007","Butte, CA",8,CAGDP1,1,"...","Real GDP (thousands of chained 2012 dollars)","Thousands of chained 2012 dollars",6597684,7127037,7498389,7677651,7895336,8384016,8271652,7970840,7970924,7956576,7957246,7711583,7921563,7936909,8268655,8781189,9194683,9366983,9897121
 "06007","Butte, CA",8,CAGDP1,2,"...","Chain-type quantity indexes for real GDP","Quantity index",85.555,92.420,97.235,99.560,102.383,108.720,107.263,103.362,103.363,103.177,103.186,100.000,102.723,102.922,107.224,113.870,119.232,121.466,128.341
 "06007","Butte, CA",8,CAGDP1,3,"...","Current-dollar GDP (thousands of current dollars)","Thousands of dollars",5054764,5575241,6012097,6361775,6735922,7390572,7547686,7442456,7478000,7594704,7802664,7711583,8119398,8292752,8765121,9429548,10068365,10469296,11314675
 "06009","Calaveras, CA",8,CAGDP1,1,"...","Real GDP (thousands of chained 2012 dollars)","Thousands of chained 2012 dollars",1092879,1170101,1193659,1184935,1168963,1276792,1223404,1159620,1110110,1174724,1194083,1090936,1085633,1219509,1276922,1393323,1427084,1393616,1589059
 "06009","Calaveras, CA",8,CAGDP1,2,"...","Chain-type quantity indexes for real GDP","Quantity index",100.178,107.257,109.416,108.616,107.152,117.036,112.143,106.296,101.758,107.680,109.455,100.000,99.514,111.786,117.048,127.718,130.813,127.745,145.660
 "06009","Calaveras, CA",8,CAGDP1,3,"...","Current-dollar GDP (thousands of current dollars)","Thousands of dollars",830163,911616,953385,987092,1011017,1150477,1135820,1095843,1077572,1140746,1173334,1090936,1113273,1281881,1378859,1530796,1598135,1598869,1879126
 "06011","Colusa, CA",8,CAGDP1,1,"...","Real GDP (thousands of chained 2012 dollars)","Thousands of chained 2012 dollars",883615,834626,1081387,908778,935155,1037266,1029500,1326905,1589300,1346653,1376125,1248187,1341126,1125511,1384491,1383208,1286954,1519580,1514361
 "06011","Colusa, CA",8,CAGDP1,2,"...","Chain-type quantity indexes for real GDP","Quantity index",70.792,66.867,86.637,72.808,74.921,83.102,82.480,106.307,127.329,107.889,110.250,100.000,107.446,90.172,110.920,110.817,103.106,121.743,121.325
 "06011","Colusa, CA",8,CAGDP1,3,"...","Current-dollar GDP (thousands of current dollars)","Thousands of dollars",633690,589210,810047,739405,761287,858014,938356,1260871,1310927,1203159,1361564,1248187,1380795,1188604,1462227,1445132,1374592,1655869,1678303
 "06013","Contra Costa, CA",8,CAGDP1,1,"...","Real GDP (thousands of chained 2012 dollars)","Thousands of chained 2012 dollars",67457193,67166134,67679606,71168936,77538550,78121238,75538764,91744086,79020398,70637672,61586201,61746098,63585818,68766487,69809520,69581054,72685616,74578750,76522619
 "06013","Contra Costa, CA",8,CAGDP1,2,"...","Chain-type quantity indexes for real GDP","Quantity index",109.249,108.778,109.610,115.261,125.576,126.520,122.338,148.583,127.976,114.400,99.741,100.000,102.979,111.370,113.059,112.689,117.717,120.783,123.931
 "06013","Contra Costa, CA",8,CAGDP1,3,"...","Current-dollar GDP (thousands of current dollars)","Thousands of dollars",44297311,43864476,46131347,50591063,60396509,64801182,65614473,78534982,62030122,60443614,59471228,61746098,62865096,68280818,69208294,67278334,73049286,78720034,80217242
 "06015","Del Norte, CA",8,CAGDP1,1,"...","Real GDP (thousands of chained 2012 dollars)","Thousands of chained 2012 dollars",614489,633343,663388,707809,730163,893060,909941,909256,769263,769309,783142,762672,748225,758923,771151,791370,789635,801345,842938
 "06015","Del Norte, CA",8,CAGDP1,2,"...","Chain-type quantity indexes for real GDP","Quantity index",80.571,83.043,86.982,92.807,95.738,117.096,119.310,119.220,100.864,100.870,102.684,100.000,98.106,99.508,101.112,103.763,103.535,105.071,110.524
 "06015","Del Norte, CA",8,CAGDP1,3,"...","Current-dollar GDP (thousands of current dollars)","Thousands of dollars",456282,484094,519521,573267,608476,770107,821131,837563,721046,733989,765181,762672,769608,797883,828437,862996,878225,911762,983181
 "06017","El Dorado, CA",8,CAGDP1,1,"...","Real GDP (thousands of chained 2012 dollars)","Thousands of chained 2012 dollars",5159775,5618349,5739344,6033917,6163090,6629653,6490189,6303548,5949761,6024959,6139584,5940344,6109504,6330707,6571463,7020316,7396877,7585133,7967457
 "06017","El Dorado, CA",8,CAGDP1,2,"...","Chain-type quantity indexes for real GDP","Quantity index",86.860,94.580,96.616,101.575,103.750,111.604,109.256,106.114,100.159,101.424,103.354,100.000,102.848,106.571,110.624,118.180,124.519,127.688,134.125
 "06017","El Dorado, CA",8,CAGDP1,3,"...","Current-dollar GDP (thousands of current dollars)","Thousands of dollars",3997946,4455384,4650893,5045668,5342671,5967347,6022669,5938517,5738412,5833060,6018434,5940344,6248273,6630702,7069998,7690407,8240732,8646858,9302830
 "06019","Fresno, CA",8,CAGDP1,1,"...","Real GDP (thousands of chained 2012 dollars)","Thousands of chained 2012 dollars",28318843,30838478,32987996,34023911,35515358,38282314,37213110,35972799,36015012,36160471,36474446,35315551,36701523,38238734,40049752,41503371,43124599,44264307,46009312
 "06019","Fresno, CA",8,CAGDP1,2,"...","Chain-type quantity indexes for real GDP","Quantity index",80.188,87.323,93.409,96.343,100.566,108.401,105.373,101.861,101.981,102.392,103.282,100.000,103.925,108.277,113.405,117.522,122.112,125.339,130.281
 "06019","Fresno, CA",8,CAGDP1,3,"...","Current-dollar GDP (thousands of current dollars)","Thousands of dollars",21328160,23585256,25983514,27958827,29586707,32694534,33437189,33025734,33118655,34079616,35720696,35315551,37604735,39655788,41530645,43135475,45781155,47838637,50736641
 "06021","Glenn, CA",8,CAGDP1,1,"...","Real GDP (thousands of chained 2012 dollars)","Thousands of chained 2012 dollars",848930,860190,884688,906279,962484,959526,1148224,1174956,1274461,1154977,1095809,1043807,1137720,1037696,1075267,1159479,1116199,1256633,1310042
 "06021","Glenn, CA",8,CAGDP1,2,"...","Chain-type quantity indexes for real GDP","Quantity index",81.330,82.409,84.756,86.824,92.209,91.926,110.003,112.565,122.097,110.650,104.982,100.000,108.997,99.415,103.014,111.082,106.935,120.389,125.506
 "06021","Glenn, CA",8,CAGDP1,3,"...","Current-dollar GDP (thousands of current dollars)","Thousands of dollars",615048,621826,672339,735787,778233,792734,1028482,1090007,1057419,1025675,1072436,1043807,1168835,1057173,1073734,1140488,1133067,1291049,1367264
 "06023","Humboldt, CA",8,CAGDP1,1,"...","Real GDP (thousands of chained 2012 dollars)","Thousands of chained 2012 dollars",4401403,4599946,4782576,4815190,4852815,5228753,5082642,5289415,5029461,5276054,5287152,5130410,5090935,5166092,5279126,5413636,5570454,5706172,5974402
 "06023","Humboldt, CA",8,CAGDP1,2,"...","Chain-type quantity indexes for real GDP","Quantity index",85.790,89.660,93.220,93.856,94.589,101.917,99.069,103.099,98.032,102.839,103.055,100.000,99.231,100.696,102.899,105.521,108.577,111.223,116.451
 "06023","Humboldt, CA",8,CAGDP1,3,"...","Current-dollar GDP (thousands of current dollars)","Thousands of dollars",3362142,3584804,3821791,4001076,4140405,4599942,4625960,4902031,4731439,5029352,5165619,5130410,5227096,5420505,5642896,5866863,6151528,6440305,6906095
 "06025","Imperial, CA",8,CAGDP1,1,"...","Real GDP (thousands of chained 2012 dollars)","Thousands of chained 2012 dollars",5099630,6154752,5765542,5601746,6119408,6734211,6572478,7484791,7130243,7015160,7311763,6921213,7300590,7799949,8533302,8598682,8609928,8493669,8980597
 "06025","Imperial, CA",8,CAGDP1,2,"...","Chain-type quantity indexes for real GDP","Quantity index",73.681,88.926,83.302,80.936,88.415,97.298,94.961,108.143,103.020,101.357,105.643,100.000,105.481,112.696,123.292,124.237,124.399,122.719,129.755
 "06025","Imperial, CA",8,CAGDP1,3,"...","Current-dollar GDP (thousands of current dollars)","Thousands of dollars",3772033,4533095,4436136,4546757,4969461,5597342,5885733,6810035,6303827,6431685,7170451,6921213,7489047,8031489,8561955,8381827,8666402,8667650,9334680
 "06027","Inyo, CA",8,CAGDP1,1,"...","Real GDP (thousands of chained 2012 dollars)","Thousands of chained 2012 dollars",882960,1022999,992395,1023537,1011324,1091285,1072545,1063882,1036763,1046528,1029534,1024042,1120990,1123986,1151157,1224800,1263468,1208235,1261469
 "06027","Inyo, CA",8,CAGDP1,2,"...","Chain-type quantity indexes for real GDP","Quantity index",86.223,99.898,96.910,99.951,98.758,106.566,104.736,103.890,101.242,102.196,100.536,100.000,109.467,109.760,112.413,119.605,123.380,117.987,123.185
 "06027","Inyo, CA",8,CAGDP1,3,"...","Current-dollar GDP (thousands of current dollars)","Thousands of dollars",678015,789942,790813,838869,857149,961100,972252,983733,1005223,1016680,1015432,1024042,1151293,1187801,1235164,1325129,1382763,1344268,1435942
 "06029","Kern, CA",8,CAGDP1,1,"...","Real GDP (thousands of chained 2012 dollars)","Thousands of chained 2012 dollars",27618932,31296594,31272159,34099312,36485644,42296480,46050178,44754003,47449625,45063706,43919345,47559076,46625163,47382801,47841535,47776348,48399815,49292395,51416782
 "06029","Kern, CA",8,CAGDP1,2,"...","Chain-type quantity indexes for real GDP","Quantity index",58.073,65.806,65.754,71.699,76.716,88.935,96.827,94.102,99.770,94.753,92.347,100.000,98.036,99.629,100.594,100.457,101.768,103.645,108.111
 "06029","Kern, CA",8,CAGDP1,3,"...","Current-dollar GDP (thousands of current dollars)","Thousands of dollars",19598097,21876624,23973670,27832196,32407587,38755436,44427362,48058579,41372904,43360880,45318708,47559076,48212860,49238908,44260330,43109241,45892937,48734093,50261412
 "06031","Kings, CA",8,CAGDP1,1,"...","Real GDP (thousands of chained 2012 dollars)","Thousands of chained 2012 dollars",4291472,4604938,5103026,5376357,5648585,5478862,6209700,5610367,5125839,5204292,5855932,5378069,5420503,5905170,5866278,5927002,6140324,6250134,6609432
 "06031","Kings, CA",8,CAGDP1,2,"...","Chain-type quantity indexes for real GDP","Quantity index",79.796,85.624,94.886,99.968,105.030,101.874,115.463,104.319,95.310,96.769,108.885,100.000,100.789,109.801,109.078,110.207,114.173,116.215,122.896
 "06031","Kings, CA",8,CAGDP1,3,"...","Current-dollar GDP (thousands of current dollars)","Thousands of dollars",3095312,3386118,3895920,4323489,4537702,4506136,5441194,5031663,4710893,4871435,5711347,5378069,5549191,6096096,6039700,6083737,6448532,6645763,7163683
 "06033","Lake, CA",8,CAGDP1,1,"...","Real GDP (thousands of chained 2012 dollars)","Thousands of chained 2012 dollars",1428266,1639609,1647754,1679119,1675435,1983999,1996880,1898056,1703491,1711655,1733926,1741575,1750063,1894990,1897434,1957857,1886380,2073320,2189985
 "06033","Lake, CA",8,CAGDP1,2,"...","Chain-type quantity indexes for real GDP","Quantity index",82.010,94.145,94.613,96.414,96.202,113.920,114.659,108.985,97.813,98.282,99.561,100.000,100.487,108.809,108.949,112.419,108.315,119.049,125.747
 "06033","Lake, CA",8,CAGDP1,3,"...","Current-dollar GDP (thousands of current dollars)","Thousands of dollars",1095248,1283276,1323748,1388484,1434443,1768175,1838135,1777274,1648713,1662678,1707013,1741575,1794461,1990101,2030888,2120390,2085236,2342085,2532409
 "06035","Lassen, CA",8,CAGDP1,1,"...","Real GDP (thousands of chained 2012 dollars)","Thousands of chained 2012 dollars",864619,926501,962389,969626,1001293,1108932,1135189,1217170,1110061,1224183,1202372,1258456,1244163,1232553,1259252,1300945,1200996,1195312,1262036
 "06035","Lassen, CA",8,CAGDP1,2,"...","Chain-type quantity indexes for real GDP","Quantity index",68.705,73.622,76.474,77.049,79.565,88.118,90.205,96.719,88.208,97.277,95.543,100.000,98.864,97.942,100.063,103.376,95.434,94.982,100.285
 "06035","Lassen, CA",8,CAGDP1,3,"...","Current-dollar GDP (thousands of current dollars)","Thousands of dollars",644059,708977,759058,792554,844304,968212,1035426,1134148,1040354,1170291,1181406,1258456,1273526,1284078,1334996,1389240,1306212,1331951,1441448
 "06037","Los Angeles, CA",8,CAGDP1,1,"...","Real GDP (thousands of chained 2012 dollars)","Thousands of chained 2012 dollars",477951350,490762578,512881202,531883740,548417062,572012870,578286981,589103804,562487797,574263725,586247485,592432839,606797978,628691886,658688546,674110134,697593991,708846321,726943301
 "06037","Los Angeles, CA",8,CAGDP1,2,"...","Chain-type quantity indexes for real GDP","Quantity index",80.676,82.839,86.572,89.780,92.570,96.553,97.612,99.438,94.945,96.933,98.956,100.000,102.425,106.120,111.184,113.787,117.751,119.650,122.705
 "06037","Los Angeles, CA",8,CAGDP1,3,"...","Current-dollar GDP (thousands of current dollars)","Thousands of dollars",392137101,408655778,432678180,459726567,486053719,519410971,538325814,555858096,535265666,552228768,573273776,592432839,617665675,650900997,693677247,719254061,755617399,784709193,819446415
 "06039","Madera, CA",8,CAGDP1,1,"...","Real GDP (thousands of chained 2012 dollars)","Thousands of chained 2012 dollars",3288405,3721882,3852624,4467024,4797976,5187705,5168564,5028567,4415491,5061629,5097178,5289625,5375893,5774041,5623485,6169099,6333400,6456568,6740169
 "06039","Madera, CA",8,CAGDP1,2,"...","Chain-type quantity indexes for real GDP","Quantity index",62.167,70.362,72.834,84.449,90.705,98.073,97.711,95.065,83.475,95.690,96.362,100.000,101.631,109.158,106.312,116.626,119.732,122.061,127.422
 "06039","Madera, CA",8,CAGDP1,3,"...","Current-dollar GDP (thousands of current dollars)","Thousands of dollars",2440065,2806417,2981649,3618494,3873024,4285379,4560854,4509224,4015532,4693311,4978331,5289625,5521365,5912729,5653491,6122107,6468415,6669130,7071620
 "06041","Marin, CA",8,CAGDP1,1,"...","Real GDP (thousands of chained 2012 dollars)","Thousands of chained 2012 dollars",16546793,17559783,18091094,17337055,17254942,17399110,16893642,16757893,16220144,16439811,16801048,17172987,17592146,18493726,19265134,20908852,22718463,23487299,23795829
 "06041","Marin, CA",8,CAGDP1,2,"...","Chain-type quantity indexes for real GDP","Quantity index",96.354,102.252,105.346,100.955,100.477,101.317,98.373,97.583,94.451,95.731,97.834,100.000,102.441,107.691,112.183,121.754,132.292,136.769,138.565
 "06041","Marin, CA",8,CAGDP1,3,"...","Current-dollar GDP (thousands of current dollars)","Thousands of dollars",13023052,14118911,14795273,14605382,14970915,15571585,15601424,15751799,15521364,15856629,16437686,17172987,17973816,19289467,20580803,22753889,25199062,26599084,27489610
 "06043","Mariposa, CA",8,CAGDP1,1,"...","Real GDP (thousands of chained 2012 dollars)","Thousands of chained 2012 dollars",482619,512546,523603,560099,593566,665124,658724,580723,580041,571956,633284,585907,581873,597532,613432,659803,701847,805279,862546
 "06043","Mariposa, CA",8,CAGDP1,2,"...","Chain-type quantity indexes for real GDP","Quantity index",82.371,87.479,89.366,95.595,101.307,113.520,112.428,99.115,98.999,97.619,108.086,100.000,99.311,101.984,104.698,112.612,119.788,137.441,147.215
 "06043","Mariposa, CA",8,CAGDP1,3,"...","Current-dollar GDP (thousands of current dollars)","Thousands of dollars",373628,406253,425061,466605,514103,598603,612218,550133,559981,554067,621731,585907,595315,626682,658271,719176,781459,916095,1000996
 "06045","Mendocino, CA",8,CAGDP1,1,"...","Real GDP (thousands of chained 2012 dollars)","Thousands of chained 2012 dollars",2947973,3091891,3121343,3029564,3068385,3356011,3331244,3357180,3282817,3396740,3219618,3194104,3248250,3333792,3435367,3498354,3559944,3692526,3856796
 "06045","Mendocino, CA",8,CAGDP1,2,"...","Chain-type quantity indexes for real GDP","Quantity index",92.294,96.800,97.722,94.849,96.064,105.069,104.294,105.106,102.777,106.344,100.799,100.000,101.695,104.373,107.553,109.525,111.454,115.604,120.747
 "06045","Mendocino, CA",8,CAGDP1,3,"...","Current-dollar GDP (thousands of current dollars)","Thousands of dollars",2291699,2461701,2532331,2530579,2643608,2976526,3035533,3123365,3146315,3272507,3135233,3194104,3331859,3494724,3688033,3823849,3956339,4186105,4475367
 "06047","Merced, CA",8,CAGDP1,1,"...","Real GDP (thousands of chained 2012 dollars)","Thousands of chained 2012 dollars",5953206,6338754,6940471,7621074,7972700,8204961,9055805,8024078,7571828,7602694,7928274,7704366,8066818,9021104,9196534,9264060,9941052,9918371,10383485
 "06047","Merced, CA",8,CAGDP1,2,"...","Chain-type quantity indexes for real GDP","Quantity index",77.271,82.275,90.085,98.919,103.483,106.498,117.541,104.150,98.280,98.680,102.906,100.000,104.705,117.091,119.368,120.244,129.031,128.737,134.774
 "06047","Merced, CA",8,CAGDP1,3,"...","Current-dollar GDP (thousands of current dollars)","Thousands of dollars",4369943,4719277,5320705,6147188,6371404,6680896,7909623,7155570,6795457,6985034,7705641,7704366,8268420,9241128,9285603,9273118,10182068,10242532,10922271
 "06049","Modoc, CA",8,CAGDP1,1,"...","Real GDP (thousands of chained 2012 dollars)","Thousands of chained 2012 dollars",259745,326048,308669,296889,342673,374175,365806,408419,425713,394943,363848,336444,341994,364086,393949,415422,403803,410576,460751
 "06049","Modoc, CA",8,CAGDP1,2,"...","Chain-type quantity indexes for real GDP","Quantity index",77.203,96.910,91.745,88.243,101.851,111.215,108.727,121.393,126.533,117.388,108.145,100.000,101.650,108.216,117.092,123.474,120.021,122.034,136.947
 "06049","Modoc, CA",8,CAGDP1,3,"...","Current-dollar GDP (thousands of current dollars)","Thousands of dollars",189558,241832,238355,240745,277344,308836,326937,371297,362253,353591,355399,336444,350891,371785,389311,398841,402779,413728,473141
 "06051","Mono, CA",8,CAGDP1,1,"...","Real GDP (thousands of chained 2012 dollars)","Thousands of chained 2012 dollars",869156,955857,1021818,988474,1096262,1016167,940061,943239,931542,972388,989335,924899,945504,955979,967378,1006336,1103153,1042587,1162497
 "06051","Mono, CA",8,CAGDP1,2,"...","Chain-type quantity indexes for real GDP","Quantity index",93.973,103.347,110.479,106.874,118.528,109.868,101.639,101.983,100.718,105.135,106.967,100.000,102.228,103.360,104.593,108.805,119.273,112.724,125.689
 "06051","Mono, CA",8,CAGDP1,3,"...","Current-dollar GDP (thousands of current dollars)","Thousands of dollars",645002,726228,796051,802814,925077,893830,863453,884519,890279,934245,969689,924899,967800,998104,1033177,1092294,1222042,1181003,1347957
 "06053","Monterey, CA",8,CAGDP1,1,"...","Real GDP (thousands of chained 2012 dollars)","Thousands of chained 2012 dollars",20892363,22161647,22253714,20131783,20668332,22729488,21790738,21260421,22536558,21872046,20720752,21344927,22703830,23311023,25382242,26037608,26213769,26821031,27581259
 "06053","Monterey, CA",8,CAGDP1,2,"...","Chain-type quantity indexes for real GDP","Quantity index",97.880,103.826,104.258,94.316,96.830,106.487,102.089,99.604,105.583,102.470,97.076,100.000,106.366,109.211,118.915,121.985,122.810,125.655,129.217
 "06053","Monterey, CA",8,CAGDP1,3,"...","Current-dollar GDP (thousands of current dollars)","Thousands of dollars",15619341,16545212,17328431,16510396,17096950,19232288,19722919,19661543,20360049,20535152,20395490,21344927,23300215,24086389,25734854,26110455,27076262,28216017,29455388
 "06055","Napa, CA",8,CAGDP1,1,"...","Real GDP (thousands of chained 2012 dollars)","Thousands of chained 2012 dollars",7286673,7632484,7709317,7591166,7976391,8186705,8366979,8234240,7932267,7773284,7783462,8162828,8524328,9074870,9601120,9757363,9973528,10053421,10283597
 "06055","Napa, CA",8,CAGDP1,2,"...","Chain-type quantity indexes for real GDP","Quantity index",89.267,93.503,94.444,92.997,97.716,100.292,102.501,100.875,97.175,95.228,95.353,100.000,104.429,111.173,117.620,119.534,122.182,123.161,125.981
 "06055","Napa, CA",8,CAGDP1,3,"...","Current-dollar GDP (thousands of current dollars)","Thousands of dollars",5595519,6015057,6175683,6210363,6698645,7038158,7380009,7479625,7577558,7464055,7520165,8162828,8724840,9514255,10344704,10761613,11074508,11286400,11816527
 "06057","Nevada, CA",8,CAGDP1,1,"...","Real GDP (thousands of chained 2012 dollars)","Thousands of chained 2012 dollars",3069533,3296460,3361354,3386700,3541850,3759614,3791214,3748720,3655250,3837430,3863343,3792663,3828034,3864324,3944563,4035298,4088358,4151624,4428088
 "06057","Nevada, CA",8,CAGDP1,2,"...","Chain-type quantity indexes for real GDP","Quantity index",80.933,86.917,88.628,89.296,93.387,99.129,99.962,98.841,96.377,101.180,101.864,100.000,100.933,101.889,104.005,106.397,107.796,109.465,116.754
 "06057","Nevada, CA",8,CAGDP1,3,"...","Current-dollar GDP (thousands of current dollars)","Thousands of dollars",2461947,2701111,2800931,2897734,3131024,3430817,3554684,3555445,3534662,3717439,3784997,3792663,3913506,4044427,4241535,4424759,4565821,4735076,5181790
 "06059","Orange, CA",8,CAGDP1,1,"...","Real GDP (thousands of chained 2012 dollars)","Thousands of chained 2012 dollars",164620124,169402442,181739475,191064096,201538992,201430222,198873086,192254674,180102691,185742441,185640262,193612691,197346636,202019414,211088369,215713224,224424781,228324637,233323465
 "06059","Orange, CA",8,CAGDP1,2,"...","Chain-type quantity indexes for real GDP","Quantity index",85.025,87.496,93.868,98.684,104.094,104.038,102.717,99.299,93.022,95.935,95.882,100.000,101.929,104.342,109.026,111.415,115.914,117.929,120.510
 "06059","Orange, CA",8,CAGDP1,3,"...","Current-dollar GDP (thousands of current dollars)","Thousands of dollars",133987493,140046532,151905145,163455086,177013090,181942211,184121046,180218699,172151736,178503694,181345626,193612691,201731945,210750539,225178787,234053392,247314645,256981877,269229776
 "06061","Placer, CA",8,CAGDP1,1,"...","Real GDP (thousands of chained 2012 dollars)","Thousands of chained 2012 dollars",11813953,12633326,13876906,14848530,15861758,16065635,15707895,15454538,15176470,15364090,15526071,16143073,16595454,17179623,18351882,19268828,19713339,20596359,21531825
 "06061","Placer, CA",8,CAGDP1,2,"...","Chain-type quantity indexes for real GDP","Quantity index",73.183,78.258,85.962,91.981,98.257,99.520,97.304,95.735,94.012,95.175,96.178,100.000,102.802,106.421,113.683,119.363,122.116,127.586,133.381
 "06061","Placer, CA",8,CAGDP1,3,"...","Current-dollar GDP (thousands of current dollars)","Thousands of dollars",10175371,11003852,12162055,13271831,14535185,15073500,14994039,14798880,14734451,14924105,15219014,16143073,16937330,17895851,19504256,20714795,21593906,23066409,24708238
 "06063","Plumas, CA",8,CAGDP1,1,"...","Real GDP (thousands of chained 2012 dollars)","Thousands of chained 2012 dollars",921260,1013477,1105994,1076088,1048307,1200678,1052752,1046214,1010217,1049098,1091881,969371,913453,953649,942350,1013560,1127893,1056830,1245201
 "06063","Plumas, CA",8,CAGDP1,2,"...","Chain-type quantity indexes for real GDP","Quantity index",95.037,104.550,114.094,111.009,108.143,123.862,108.602,107.927,104.214,108.225,112.638,100.000,94.232,98.378,97.213,104.559,116.353,109.022,128.455
 "06063","Plumas, CA",8,CAGDP1,3,"...","Current-dollar GDP (thousands of current dollars)","Thousands of dollars",706228,787308,887361,903455,912654,1092815,986304,990218,977132,1023842,1080652,969371,941861,1019280,1027866,1114150,1264844,1215905,1461490
 "06065","Riverside, CA",8,CAGDP1,1,"...","Real GDP (thousands of chained 2012 dollars)","Thousands of chained 2012 dollars",47019020,50132866,54155537,58584563,62764145,66928708,67146566,64182405,60115941,60942520,62876339,63100535,65878408,68576517,72617378,74478442,76779452,78801936,82105026
 "06065","Riverside, CA",8,CAGDP1,2,"...","Chain-type quantity indexes for real GDP","Quantity index",74.514,79.449,85.824,92.843,99.467,106.067,106.412,101.715,95.270,96.580,99.645,100.000,104.402,108.678,115.082,118.031,121.678,124.883,130.118
 "06065","Riverside, CA",8,CAGDP1,3,"...","Current-dollar GDP (thousands of current dollars)","Thousands of dollars",36392995,39600115,43612760,48648593,53789330,59354056,61541712,59844401,57408251,58544501,61412667,63100535,67389339,71670835,77759407,81022880,84997016,89246521,95533449
 "06067","Sacramento, CA",8,CAGDP1,1,"...","Real GDP (thousands of chained 2012 dollars)","Thousands of chained 2012 dollars",61317128,63288307,67094213,69417307,73494831,75698331,76243289,75813306,72321328,70085359,71191334,71726795,73943675,76151438,79232637,79978705,82460874,84869773,88620397
 "06067","Sacramento, CA",8,CAGDP1,2,"...","Chain-type quantity indexes for real GDP","Quantity index",85.487,88.235,93.541,96.780,102.465,105.537,106.297,105.697,100.829,97.712,99.253,100.000,103.091,106.169,110.464,111.505,114.965,118.324,123.553
 "06067","Sacramento, CA",8,CAGDP1,3,"...","Current-dollar GDP (thousands of current dollars)","Thousands of dollars",48560332,51217468,55321496,58847973,64005679,67808880,70216561,71015313,69270910,67743335,69688605,71726795,75774455,79776333,85025995,87113990,91234514,96046470,102787696
 "06069","San Benito, CA",8,CAGDP1,1,"...","Real GDP (thousands of chained 2012 dollars)","Thousands of chained 2012 dollars",1511020,1600836,1751313,1779452,1805945,2052707,1975952,1813657,1805523,1791792,1796218,1825527,1832670,1948312,2037143,2097846,2176114,2244744,2363094
 "06069","San Benito, CA",8,CAGDP1,2,"...","Chain-type quantity indexes for real GDP","Quantity index",82.772,87.692,95.935,97.476,98.927,112.445,108.240,99.350,98.904,98.152,98.395,100.000,100.391,106.726,111.592,114.917,119.205,122.964,129.447
 "06069","San Benito, CA",8,CAGDP1,3,"...","Current-dollar GDP (thousands of current dollars)","Thousands of dollars",1146315,1224962,1376348,1459638,1491527,1723436,1757326,1642627,1675612,1685098,1739647,1825527,1877955,2029689,2151892,2237187,2364229,2478296,2662858
 "06071","San Bernardino, CA",8,CAGDP1,1,"...","Real GDP (thousands of chained 2012 dollars)","Thousands of chained 2012 dollars",54141398,56743257,60868183,65421061,69394964,73529355,74675099,72611327,67315477,67373128,68916231,69568944,71527029,74712409,78517804,81034922,83564142,85684738,89779198
 "06071","San Bernardino, CA",8,CAGDP1,2,"...","Chain-type quantity indexes for real GDP","Quantity index",77.824,81.564,87.493,94.038,99.750,105.693,107.340,104.373,96.761,96.844,99.062,100.000,102.815,107.393,112.863,116.481,120.117,123.165,129.051
 "06071","San Bernardino, CA",8,CAGDP1,3,"...","Current-dollar GDP (thousands of current dollars)","Thousands of dollars",41740284,44700600,48845708,54101763,59216686,65036943,68036940,67509166,64457440,64905555,67427304,69568944,73050852,78001195,84003184,88057649,92252864,96775772,104106853
 "06073","San Diego, CA",8,CAGDP1,1,"...","Real GDP (thousands of chained 2012 dollars)","Thousands of chained 2012 dollars",144584889,151098666,159728402,169143307,178151400,181854470,184345597,181694196,172794945,174419306,177990381,180309903,187349509,193818332,201166675,204667390,211115497,217509581,222272562
 "06073","San Diego, CA",8,CAGDP1,2,"...","Chain-type quantity indexes for real GDP","Quantity index",80.187,83.799,88.585,93.807,98.803,100.857,102.238,100.768,95.832,96.733,98.714,100.000,103.904,107.492,111.567,113.509,117.085,120.631,123.273
 "06073","San Diego, CA",8,CAGDP1,3,"...","Current-dollar GDP (thousands of current dollars)","Thousands of dollars",117083125,124847611,134395268,145709061,157310766,164992812,171522078,171073628,166040899,168687239,174636986,180309903,191006452,201384751,213594695,220259799,230605088,242242089,253117792
 "06075","San Francisco, CA",8,CAGDP1,1,"...","Real GDP (thousands of chained 2012 dollars)","Thousands of chained 2012 dollars",91935340,87572070,86740730,86198077,91078479,91987129,94212990,93917834,94114392,96688655,102993176,112935708,117666343,126869443,136344642,147660656,159658493,168714493,178505659
 "06075","San Francisco, CA",8,CAGDP1,2,"...","Chain-type quantity indexes for real GDP","Quantity index",81.405,77.542,76.805,76.325,80.646,81.451,83.422,83.160,83.334,85.614,91.196,100.000,104.189,112.338,120.728,130.748,141.371,149.390,158.060
 "06075","San Francisco, CA",8,CAGDP1,3,"...","Current-dollar GDP (thousands of current dollars)","Thousands of dollars",72237141,70285247,71184439,73106454,79775709,83207119,88140089,89084528,89357301,93101331,100725819,112935708,120460294,132893960,145729218,160056799,175626907,189085650,203486742
 "06077","San Joaquin, CA",8,CAGDP1,1,"...","Real GDP (thousands of chained 2012 dollars)","Thousands of chained 2012 dollars",20787922,21804825,22879848,24006724,25238598,25684661,25403290,24548756,23842133,23299266,23152268,23489838,24336729,25316736,26893402,27434164,28468464,29553515,30486439
 "06077","San Joaquin, CA",8,CAGDP1,2,"...","Chain-type quantity indexes for real GDP","Quantity index",88.498,92.827,97.403,102.200,107.445,109.344,108.146,104.508,101.500,99.189,98.563,100.000,103.605,107.777,114.490,116.792,121.195,125.814,129.786
 "06077","San Joaquin, CA",8,CAGDP1,3,"...","Current-dollar GDP (thousands of current dollars)","Thousands of dollars",15873006,16942946,18244840,19846029,21435992,22440548,23075278,22940378,22453527,22259875,22599375,23489838,24904283,26278627,28201374,29028714,30679432,32511586,34339849
 "06079","San Luis Obispo, CA",8,CAGDP1,1,"...","Real GDP (thousands of chained 2012 dollars)","Thousands of chained 2012 dollars",10976338,12177915,12523240,12633830,13073861,13724468,13689721,12776780,12496039,13071951,13373144,13751028,14249445,14505249,15358431,15632220,15842274,16352453,16660813
 "06079","San Luis Obispo, CA",8,CAGDP1,2,"...","Chain-type quantity indexes for real GDP","Quantity index",79.822,88.560,91.071,91.876,95.076,99.807,99.554,92.915,90.873,95.062,97.252,100.000,103.625,105.485,111.689,113.680,115.208,118.918,121.160
 "06079","San Luis Obispo, CA",8,CAGDP1,3,"...","Current-dollar GDP (thousands of current dollars)","Thousands of dollars",8341107,9319117,9877823,10299216,11085243,12143554,12551005,11892394,12021681,12640735,13187672,13751028,14600832,15271893,16395934,16733559,17303812,18270090,19065947
 "06081","San Mateo, CA",8,CAGDP1,1,"...","Real GDP (thousands of chained 2012 dollars)","Thousands of chained 2012 dollars",53279990,50959281,52147384,53959664,55340754,58410496,59378266,59422963,60001276,61086903,63510868,77250138,81504683,86838433,92548655,101287429,112333303,117069705,121697163
 "06081","San Mateo, CA",8,CAGDP1,2,"...","Chain-type quantity indexes for real GDP","Quantity index",68.971,65.967,67.505,69.851,71.638,75.612,76.865,76.923,77.671,79.077,82.215,100.000,105.507,112.412,119.804,131.116,145.415,151.546,157.536
 "06081","San Mateo, CA",8,CAGDP1,3,"...","Current-dollar GDP (thousands of current dollars)","Thousands of dollars",44972120,43655167,44938009,47100517,49256766,53198850,55176239,55965376,57707148,58863334,62177005,77250138,82750224,89724936,97604764,107887887,120942807,127462373,134541113
 "06083","Santa Barbara, CA",8,CAGDP1,1,"...","Real GDP (thousands of chained 2012 dollars)","Thousands of chained 2012 dollars",18035844,18831803,19679738,20439843,21365990,22146661,22453745,22437077,22724222,22490976,22727621,23165737,23615305,24338970,25817818,25972309,26806462,27671513,28411698
 "06083","Santa Barbara, CA",8,CAGDP1,2,"...","Chain-type quantity indexes for real GDP","Quantity index",77.856,81.292,84.952,88.233,92.231,95.601,96.927,96.855,98.094,97.087,98.109,100.000,101.941,105.065,111.448,112.115,115.716,119.450,122.645
 "06083","Santa Barbara, CA",8,CAGDP1,3,"...","Current-dollar GDP (thousands of current dollars)","Thousands of dollars",14253132,15133592,16175025,17335187,18586550,19786604,20806485,21158969,21363180,21518667,22316837,23165737,24117212,25180101,26773687,27098590,28534999,29998810,31348798
 "06085","Santa Clara, CA",8,CAGDP1,1,"...","Real GDP (thousands of chained 2012 dollars)","Thousands of chained 2012 dollars",115748187,110697732,117161316,122226484,129939454,139680009,152596573,160756849,157494295,171512507,184881302,191452570,209473264,225385587,247497177,263792340,282456770,304017414,318100028
 "06085","Santa Clara, CA",8,CAGDP1,2,"...","Chain-type quantity indexes for real GDP","Quantity index",60.458,57.820,61.196,63.842,67.870,72.958,79.705,83.967,82.263,89.585,96.568,100.000,109.413,117.724,129.273,137.785,147.534,158.795,166.151
 "06085","Santa Clara, CA",8,CAGDP1,3,"...","Current-dollar GDP (thousands of current dollars)","Thousands of dollars",121243682,115161732,119677169,123980036,132036317,141545125,153673109,159546359,157228915,169563856,183155336,191452570,211400335,228749517,253235654,269924712,290183893,313535949,331938134
 "06087","Santa Cruz, CA",8,CAGDP1,1,"...","Real GDP (thousands of chained 2012 dollars)","Thousands of chained 2012 dollars",10971891,10976045,11167165,11030608,11044361,11504170,11461140,11332172,11455862,12273882,12121553,11944124,12323410,12743780,13012499,13209421,13387600,13837794,14407444
 "06087","Santa Cruz, CA",8,CAGDP1,2,"...","Chain-type quantity indexes for real GDP","Quantity index",91.860,91.895,93.495,92.352,92.467,96.317,95.956,94.877,95.912,102.761,101.485,100.000,103.175,106.695,108.945,110.593,112.085,115.854,120.624
 "06087","Santa Cruz, CA",8,CAGDP1,3,"...","Current-dollar GDP (thousands of current dollars)","Thousands of dollars",8634933,8770966,9068619,9262276,9473534,10150062,10494137,10546581,10827706,11707316,11844572,11944124,12607083,13280804,13819275,14218582,14672217,15446853,16467676
 "06089","Shasta, CA",8,CAGDP1,1,"...","Real GDP (thousands of chained 2012 dollars)","Thousands of chained 2012 dollars",6120497,6852538,7097930,7028327,6924177,7520253,7351383,6930603,6590477,6779161,6943081,6691760,6799024,6912875,7134059,7446374,7852040,7826545,8412829
 "06089","Shasta, CA",8,CAGDP1,2,"...","Chain-type quantity indexes for real GDP","Quantity index",91.463,102.403,106.070,105.030,103.473,112.381,109.857,103.569,98.486,101.306,103.756,100.000,101.603,103.304,106.610,111.277,117.339,116.958,125.719
 "06089","Shasta, CA",8,CAGDP1,3,"...","Current-dollar GDP (thousands of current dollars)","Thousands of dollars",4726881,5381362,5724307,5853986,5970178,6743290,6775732,6493933,6377790,6590135,6834789,6691760,6972903,7289062,7682697,8117664,8714538,8888703,9783798
 "06091","Sierra, CA",8,CAGDP1,1,"...","Real GDP (thousands of chained 2012 dollars)","Thousands of chained 2012 dollars",102255,101008,99990,95318,98444,111205,110905,101837,93657,95596,89488,86254,81714,85488,84426,89555,91377,98144,112020
 "06091","Sierra, CA",8,CAGDP1,2,"...","Chain-type quantity indexes for real GDP","Quantity index",118.551,117.105,115.924,110.508,114.132,128.927,128.580,118.066,108.582,110.831,103.749,100.000,94.736,99.112,97.881,103.827,105.939,113.784,129.872
 "06091","Sierra, CA",8,CAGDP1,3,"...","Current-dollar GDP (thousands of current dollars)","Thousands of dollars",77874,78638,80350,79308,84658,99354,102006,95043,90251,92362,87944,86254,83774,89620,90633,97911,102178,112438,132100
 "06093","Siskiyou, CA",8,CAGDP1,1,"...","Real GDP (thousands of chained 2012 dollars)","Thousands of chained 2012 dollars",1462869,1625732,1550186,1545582,1534105,1697030,1573404,1635992,1457039,1417943,1567981,1539079,1508865,1588679,1718347,1781013,1791452,1796813,1933447
 "06093","Siskiyou, CA",8,CAGDP1,2,"...","Chain-type quantity indexes for real GDP","Quantity index",95.048,105.630,100.722,100.423,99.677,110.263,102.230,106.297,94.670,92.129,101.878,100.000,98.037,103.223,111.648,115.719,116.398,116.746,125.624
 "06093","Siskiyou, CA",8,CAGDP1,3,"...","Current-dollar GDP (thousands of current dollars)","Thousands of dollars",1117284,1260929,1242518,1297896,1317460,1502559,1456860,1542088,1374000,1352386,1533574,1539079,1548117,1652259,1789470,1853439,1910797,1953024,2147001
 "06095","Solano, CA",8,CAGDP1,1,"...","Real GDP (thousands of chained 2012 dollars)","Thousands of chained 2012 dollars",14662381,15109887,16504781,16701098,17197619,17363972,17830865,19249363,18276464,18277638,17722022,19183562,20300857,20669380,20979960,21471282,21428966,21854674,22637944
 "06095","Solano, CA",8,CAGDP1,2,"...","Chain-type quantity indexes for real GDP","Quantity index",76.432,78.765,86.036,87.059,89.648,90.515,92.949,100.343,95.271,95.278,92.381,100.000,105.824,107.745,109.364,111.925,111.705,113.924,118.007
 "06095","Solano, CA",8,CAGDP1,3,"...","Current-dollar GDP (thousands of current dollars)","Thousands of dollars",10532868,11048863,12478261,13111083,14261517,15029994,16036976,17581225,16675309,17074942,17224333,19183562,20674886,21510075,22330105,23073540,23586558,24729783,26035209
 "06097","Sonoma, CA",8,CAGDP1,1,"...","Real GDP (thousands of chained 2012 dollars)","Thousands of chained 2012 dollars",20730891,21666201,21682593,21714224,22109493,23029225,23293413,22769518,21765486,22174317,22641678,22862641,23576897,24669485,25919499,26506846,27304379,28320010,29064200
 "06097","Sonoma, CA",8,CAGDP1,2,"...","Chain-type quantity indexes for real GDP","Quantity index",90.676,94.767,94.839,94.977,96.706,100.729,101.884,99.593,95.201,96.989,99.034,100.000,103.124,107.903,113.371,115.940,119.428,123.870,127.125
 "06097","Sonoma, CA",8,CAGDP1,3,"...","Current-dollar GDP (thousands of current dollars)","Thousands of dollars",16734104,17791173,18025324,18429170,19279282,20656470,21437191,21297309,20998831,21457445,22118004,22862641,24103672,25763475,27662706,28771168,30043766,31702754,33339740
 "06099","Stanislaus, CA",8,CAGDP1,1,"...","Real GDP (thousands of chained 2012 dollars)","Thousands of chained 2012 dollars",15731239,16388955,17135040,18200104,18867011,19832691,19492907,18886479,18432450,18372348,18456621,18237533,18523631,19892824,20743866,21218252,22236701,22846927,23715709
 "06099","Stanislaus, CA",8,CAGDP1,2,"...","Chain-type quantity indexes for real GDP","Quantity index",86.257,89.864,93.955,99.795,103.452,108.747,106.883,103.558,101.069,100.739,101.201,100.000,101.569,109.076,113.743,116.344,121.928,125.274,130.038
 "06099","Stanislaus, CA",8,CAGDP1,3,"...","Current-dollar GDP (thousands of current dollars)","Thousands of dollars",11976309,12741484,13578206,14896162,15675557,16855869,17355651,17184933,17250959,17414561,17925915,18237533,18951773,20658076,21804488,22516653,23982194,24992100,26471782
 "06101","Sutter, CA",8,CAGDP1,1,"...","Real GDP (thousands of chained 2012 dollars)","Thousands of chained 2012 dollars",2552118,3072721,3082018,3131179,3036996,3330061,3432864,3683426,3878023,3595780,3298108,3129937,3255572,3154056,3339562,3362332,3407840,3599835,3762601
 "06101","Sutter, CA",8,CAGDP1,2,"...","Chain-type quantity indexes for real GDP","Quantity index",81.539,98.172,98.469,100.040,97.031,106.394,109.678,117.684,123.901,114.883,105.373,100.000,104.014,100.771,106.697,107.425,108.879,115.013,120.213
 "06101","Sutter, CA",8,CAGDP1,3,"...","Current-dollar GDP (thousands of current dollars)","Thousands of dollars",1925215,2340087,2423151,2563210,2554962,2890292,3121030,3436393,3509358,3359885,3232989,3129937,3335679,3284121,3522576,3573386,3691563,3974464,4251128
 "06103","Tehama, CA",8,CAGDP1,1,"...","Real GDP (thousands of chained 2012 dollars)","Thousands of chained 2012 dollars",1509161,1606824,1645667,1745360,1831270,1881392,1882432,1743594,1675713,1712630,1694674,1684238,1772634,1752135,1817207,1889090,2070635,2105941,2276824
 "06103","Tehama, CA",8,CAGDP1,2,"...","Chain-type quantity indexes for real GDP","Quantity index",89.605,95.404,97.710,103.629,108.730,111.706,111.768,103.524,99.494,101.686,100.620,100.000,105.248,104.031,107.895,112.163,122.942,125.038,135.184
 "06103","Tehama, CA",8,CAGDP1,3,"...","Current-dollar GDP (thousands of current dollars)","Thousands of dollars",1161025,1262421,1328292,1472138,1580007,1661048,1716374,1624906,1583284,1641462,1657058,1684238,1822656,1831712,1913168,2005664,2248198,2333904,2562777
 "06105","Trinity, CA",8,CAGDP1,1,"...","Real GDP (thousands of chained 2012 dollars)","Thousands of chained 2012 dollars",305689,343016,364623,358622,338867,405745,393923,372621,335524,361927,382546,368519,376725,368111,373329,396616,423365,421184,452982
 "06105","Trinity, CA",8,CAGDP1,2,"...","Chain-type quantity indexes for real GDP","Quantity index",82.951,93.080,98.943,97.314,91.954,110.102,106.894,101.113,91.047,98.211,103.806,100.000,102.227,99.889,101.305,107.624,114.883,114.291,122.920
 "06105","Trinity, CA",8,CAGDP1,3,"...","Current-dollar GDP (thousands of current dollars)","Thousands of dollars",237227,272015,298385,303604,296790,368676,366502,352189,326753,353862,377264,368519,387863,391935,405958,436385,476752,485650,534617
 "06107","Tulare, CA",8,CAGDP1,1,"...","Real GDP (thousands of chained 2012 dollars)","Thousands of chained 2012 dollars",11388449,10717341,11413656,12644980,14000139,13869998,15259474,14407231,13104361,14181048,14732520,13982245,14423097,16238225,16392798,17361923,18223241,18270773,19350581
 "06107","Tulare, CA",8,CAGDP1,2,"...","Chain-type quantity indexes for real GDP","Quantity index",81.449,76.650,81.630,90.436,100.128,99.197,109.135,103.039,93.721,101.422,105.366,100.000,103.153,116.135,117.240,124.171,130.331,130.671,138.394
 "06107","Tulare, CA",8,CAGDP1,3,"...","Current-dollar GDP (thousands of current dollars)","Thousands of dollars",8670651,8241115,8989033,10425321,11472342,11619490,13550392,13031651,11978138,13233206,14360690,13982245,14793086,16709258,16702846,17602085,18921389,19200484,20705405
 "06109","Tuolumne, CA",8,CAGDP1,1,"...","Real GDP (thousands of chained 2012 dollars)","Thousands of chained 2012 dollars",1859860,2177781,2211107,2236123,2243264,2460620,2351544,2216342,2222326,2297893,2443326,2140939,2163802,2150094,2231042,2454125,2640431,2508458,2793179
 "06109","Tuolumne, CA",8,CAGDP1,2,"...","Chain-type quantity indexes for real GDP","Quantity index",86.871,101.721,103.277,104.446,104.779,114.932,109.837,103.522,103.801,107.331,114.124,100.000,101.068,100.428,104.209,114.628,123.330,117.166,130.465
 "06109","Tuolumne, CA",8,CAGDP1,3,"...","Current-dollar GDP (thousands of current dollars)","Thousands of dollars",1437771,1709972,1787159,1872866,1945339,2223491,2182882,2091584,2174798,2252623,2416230,2140939,2219971,2271667,2412353,2685016,2942555,2860550,3261986
 "06111","Ventura, CA",8,CAGDP1,1,"...","Real GDP (thousands of chained 2012 dollars)","Thousands of chained 2012 dollars",36573401,37573574,40041633,44211345,46426801,52305789,55780586,50805895,50054400,49497320,46541968,45711791,46497137,46548886,47061044,46984812,46651726,47162680,48496595
 "06111","Ventura, CA",8,CAGDP1,2,"...","Chain-type quantity indexes for real GDP","Quantity index",80.009,82.197,87.596,96.718,101.564,114.425,122.027,111.144,109.500,108.281,101.816,100.000,101.718,101.831,102.952,102.785,102.056,103.174,106.092
 "06111","Ventura, CA",8,CAGDP1,3,"...","Current-dollar GDP (thousands of current dollars)","Thousands of dollars",28406639,29503626,31889943,35999012,38729737,44692156,48891127,46175628,46711448,46662010,45420957,45711791,47542181,48431085,49480640,49938113,50590762,52200857,54760484
 "06113","Yolo, CA",8,CAGDP1,1,"...","Real GDP (thousands of chained 2012 dollars)","Thousands of chained 2012 dollars",9354590,9556591,9956733,10427064,10539609,10867817,11375925,11442910,10824619,10516179,10888462,10984673,11491336,11953601,12670246,13228129,13560559,14014906,14390599
 "06113","Yolo, CA",8,CAGDP1,2,"...","Chain-type quantity indexes for real GDP","Quantity index",85.160,86.999,90.642,94.924,95.948,98.936,103.562,104.172,98.543,95.735,99.124,100.000,104.612,108.821,115.345,120.424,123.450,127.586,131.006
 "06113","Yolo, CA",8,CAGDP1,3,"...","Current-dollar GDP (thousands of current dollars)","Thousands of dollars",7074007,7367542,7862331,8550249,8908514,9491501,10347027,10629625,10212076,10067911,10642386,10984673,11790075,12496093,13520296,14259407,14851041,15696646,16533188
 "06115","Yuba, CA",8,CAGDP1,1,"...","Real GDP (thousands of chained 2012 dollars)","Thousands of chained 2012 dollars",2057150,2221420,2365333,2406401,2436049,2644917,2546510,2629993,2672681,2646935,2787766,2726252,2848808,2769418,2787647,2941894,3094336,3109541,3345409
 "06115","Yuba, CA",8,CAGDP1,2,"...","Chain-type quantity indexes for real GDP","Quantity index",75.457,81.483,86.761,88.268,89.355,97.017,93.407,96.469,98.035,97.091,102.256,100.000,104.495,101.583,102.252,107.910,113.501,114.059,122.711
 "06115","Yuba, CA",8,CAGDP1,3,"...","Current-dollar GDP (thousands of current dollars)","Thousands of dollars",1519921,1685388,1860522,1969130,2060327,2325887,2327977,2453650,2523415,2547847,2750525,2726252,2909596,2889857,2967775,3160242,3392823,3485836,3836625
"Note: See the included footnote file."
"CAGDP1: Gross Domestic Product (GDP) summary by county and metropolitan area "
"Last updated: December 9, 2020 -- new statistics for 2019, revised statistics for 2001-2018."
"Source: U.S. Department of Commerce / Bureau of Economic Analysis / Regional Economic Accounts"
